Test-ID,Unary-Type,math_fidelity,input0_df,input0_t,input0_grid_size_r,input0_grid_size_c,input0_mb_r,input0_mb_c,input0_ub_r,input0_ub_c,input0_ublock_order,input0_buf_size_mb,output_df,output_t,output_grid_size_r,output_grid_size_c,output_mb_r,output_mb_c,output_ub_r,output_ub_c,output_ublock_order,output_buf_size_mb,first-input-idx-recorded,last-input-idx-recorded,average-math-utilization,total-runtime,input0-bw,input1-bw,output-bw,input0-bw-across-cores-total-runtime,input1-bw-across-cores-total-runtime,output-bw-across-cores-total-runtime
0,reciprocal,HiFi4,Float16_b,1,1,1,2,7,2,4,r,2,Float16_b,1,1,1,2,7,2,4,r,2,0,127,39.56105041503906,13045558,2.7485499613983286,N/A,2.7475992371496147,2.747471113155911,N/A,2.747471113155911
1,reciprocal,LoFi,Bfp8_b,1,1,1,2,2,2,2,r,2,Bfp8_b,1,1,1,2,2,2,2,r,2,0,127,39.2852897644043,1876733,1.4728603233384179,N/A,1.4693596084514668,1.4690952415713903,N/A,1.4690952415713903
2,reciprocal,LoFi,Bfp8_b,1,1,1,4,2,2,2,r,2,Bfp8_b,1,1,1,4,2,2,2,r,2,0,127,39.367149353027344,3745661,1.4740519864781378,N/A,1.4722860139109288,1.472156460501898,N/A,1.472156460501898
3,reciprocal,LoFi,Bfp8_b,1,1,1,7,2,2,2,r,2,Bfp8_b,1,1,1,7,2,2,2,r,2,0,127,39.403934478759766,6548788,1.4746143884909813,N/A,1.473608508657766,1.4735319451477127,N/A,1.4735319451477127
4,reciprocal,LoFi,Bfp8_b,1,1,1,7,2,2,4,r,2,Bfp8_b,1,1,1,7,2,2,4,r,2,0,127,39.589752197265625,13036101,1.4810447470174597,N/A,1.480538726974002,1.4804807541764213,N/A,1.4804807541764213
5,reciprocal,LoFi,Bfp8_b,1,1,1,7,4,2,4,r,2,Bfp8_b,1,1,1,7,4,2,4,r,2,0,127,39.60145568847656,26064498,1.4812026126642013,N/A,1.4809472720492254,1.4809183464803348,N/A,1.4809183464803348
6,reciprocal,LoFi,Bfp8_b,1,1,1,2,2,2,4,r,2,Bfp8_b,1,1,1,2,2,2,4,r,2,0,127,39.53348922729492,3729901,1.4803617188055953,N/A,1.4785849998918987,1.478376782654553,N/A,1.478376782654553
7,reciprocal,LoFi,Bfp8_b,1,1,1,4,2,2,4,r,2,Bfp8_b,1,1,1,4,2,2,4,r,2,0,127,39.57329559326172,7452298,1.4808583702603786,N/A,1.479971683411451,1.479865416009934,N/A,1.479865416009934
8,reciprocal,HiFi4,Float16_b,1,1,1,7,2,2,4,r,2,Float16_b,1,1,1,7,2,2,4,r,2,0,127,39.56086349487305,13045620,2.7485285060431295,N/A,2.7475909580992153,2.747458055653928,N/A,2.747458055653928
9,reciprocal,HiFi4,Float16_b,1,1,1,4,4,2,4,r,2,Float16_b,1,1,1,4,4,2,4,r,2,0,127,39.56398010253906,14908105,2.748614940241401,N/A,2.7477943134439062,2.7476745998233842,N/A,2.7476745998233842
10,reciprocal,HiFi4,Float16_b,1,1,1,2,4,2,4,r,2,Float16_b,1,1,1,2,4,2,4,r,2,0,127,39.54314422607422,7457981,2.748099203818964,N/A,2.7464538589464533,2.7462272590933123,N/A,2.7462272590933123
11,reciprocal,LoFi,Bfp8_b,1,1,1,2,7,2,4,r,2,Bfp8_b,1,1,1,2,7,2,4,r,2,0,127,39.59018325805664,13035959,1.4810693755087354,N/A,1.480559446506993,1.4804968809736208,N/A,1.4804968809736208
12,reciprocal,LoFi,Bfp8_b,1,1,1,4,7,2,4,r,2,Bfp8_b,1,1,1,4,7,2,4,r,2,0,127,39.60100173950195,26064797,1.481187775526649,N/A,1.4809333562820084,1.4809013582572692,N/A,1.4809013582572692
13,reciprocal,LoFi,Bfp8_b,1,1,1,4,4,2,4,r,2,Bfp8_b,1,1,1,4,4,2,4,r,2,0,127,39.59392166137695,14896832,1.4811332845363219,N/A,1.4806906455194049,1.4806366991317348,N/A,1.4806366991317348
14,reciprocal,HiFi4,Float16_b,1,1,1,4,2,2,4,r,2,Float16_b,1,1,1,4,2,2,4,r,2,0,127,39.54303741455078,7458001,2.7480902846755493,N/A,2.7464486623339885,2.7462198945803302,N/A,2.7462198945803302
15,reciprocal,HiFi4,Float16_b,1,1,1,7,4,1,4,r,2,Float16_b,1,1,1,7,4,1,4,r,2,0,127,39.40149688720703,13098385,2.7374049014732007,N/A,2.7364753467506433,2.7363903076600664,N/A,2.7363903076600664
16,reciprocal,HiFi4,Float16_b,1,1,1,4,4,1,4,r,2,Float16_b,1,1,1,4,4,1,4,r,2,0,127,39.38365173339844,7488183,2.736924141951076,N/A,2.7353094517872663,2.7351509331435944,N/A,2.7351509331435944
17,reciprocal,HiFi4,Float16_b,1,1,1,4,7,1,4,r,2,Float16_b,1,1,1,4,7,1,4,r,2,0,127,39.40114974975586,13098501,2.7373732950915866,N/A,2.7364566062768723,2.736366074255367,N/A,2.736366074255367
18,reciprocal,HiFi4,Float16_b,1,1,1,7,2,1,4,r,2,Float16_b,1,1,1,7,2,1,4,r,2,0,127,39.38077926635742,6552638,2.7369719575300855,N/A,2.7351056524616912,2.734951462296559,N/A,2.734951462296559
19,reciprocal,HiFi4,Float16_b,1,1,1,4,2,1,4,r,2,Float16_b,1,1,1,4,2,1,4,r,2,0,127,39.347537994384766,3747528,2.736167214358788,N/A,2.732912118828882,2.732642787458826,N/A,2.732642787458826
20,reciprocal,HiFi4,Float16_b,1,1,1,2,2,1,4,r,2,Float16_b,1,1,1,2,2,1,4,r,2,0,127,39.277652740478516,1877098,2.734829059898075,N/A,2.728334420837985,2.727789215054302,N/A,2.727789215054302
21,reciprocal,HiFi4,Float16_b,1,1,1,2,7,1,4,r,2,Float16_b,1,1,1,2,7,1,4,r,2,0,127,39.37923049926758,6552896,2.736858213958746,N/A,2.7350046844340357,2.7348437820469,N/A,2.7348437820469
22,reciprocal,HiFi4,Float16_b,1,1,1,2,4,1,4,r,2,Float16_b,1,1,1,2,4,1,4,r,2,0,127,39.34690475463867,3747588,2.7361001650172123,N/A,2.732883451324839,2.7325990370339532,N/A,2.7325990370339532
23,reciprocal,HiFi4,Float16_b,1,1,1,2,2,2,4,r,2,Float16_b,1,1,1,2,2,2,4,r,2,0,127,39.50835418701172,3732274,2.747545954903109,N/A,2.744263004570418,2.743811242154247,N/A,2.743811242154247
24,reciprocal,HiFi4,Float16_b,1,1,1,4,4,1,2,r,2,Float16_b,1,1,1,4,4,1,2,r,2,0,127,39.02163314819336,3778827,2.7133857869877445,N/A,2.7101622285710167,2.7100090477812295,N/A,2.7100090477812295
25,reciprocal,HiFi4,Float16_b,1,1,1,7,4,1,2,r,2,Float16_b,1,1,1,7,4,1,2,r,2,0,127,39.05181121826172,6607837,2.714051034326122,N/A,2.712199712506925,2.7121048657828575,N/A,2.7121048657828575
26,reciprocal,HiFi4,Float16_b,1,1,1,7,4,1,1,r,2,Float16_b,1,1,1,7,4,1,1,r,2,0,127,38.592803955078125,3343214,2.683114289732448,N/A,2.680359127048731,2.6802273022307275,N/A,2.6802273022307275
27,reciprocal,HiFi4,Float16_b,1,1,1,4,4,1,1,r,2,Float16_b,1,1,1,4,4,1,1,r,2,0,127,38.55266571044922,1912397,2.6827280965044387,N/A,2.6776533662220885,2.6774397157075644,N/A,2.6774397157075644
28,reciprocal,HiFi4,Float16_b,1,1,1,4,4,1,8,r,2,Float16_b,1,1,1,4,4,1,8,r,2,0,127,39.564781188964844,14907804,2.7486634573024755,N/A,2.7478524622062626,2.747730077481566,N/A,2.747730077481566
29,reciprocal,HiFi4,Float16_b,1,1,1,2,4,1,2,r,2,Float16_b,1,1,1,2,4,1,2,r,2,0,127,38.95220947265625,1892781,2.711925044626461,N/A,2.705495382845701,2.7051875943387005,N/A,2.7051875943387005
30,reciprocal,HiFi4,Float16_b,1,1,1,2,4,1,1,r,2,Float16_b,1,1,1,2,4,1,1,r,2,0,127,38.1928825378418,965206,2.6626721034811682,N/A,2.6526674937447003,2.652453300124533,N/A,2.652453300124533
31,reciprocal,HiFi4,Float16_b,1,1,1,2,4,1,8,r,2,Float16_b,1,1,1,2,4,1,8,r,2,0,127,39.54243469238281,7458114,2.748046433062508,N/A,2.7464082036666526,2.746178285824003,N/A,2.746178285824003
32,reciprocal,HiFi4,Float16_b,1,1,1,7,7,1,2,r,2,Float16_b,1,1,1,7,7,1,2,r,2,0,127,39.00260543823242,11578303,2.7097563674328593,N/A,2.7087031561009773,2.708687710107431,N/A,2.708687710107431
33,reciprocal,HiFi4,Float16_b,1,1,1,4,7,1,2,r,2,Float16_b,1,1,1,4,7,1,2,r,2,0,127,39.05278396606445,6607672,2.7141260180564837,N/A,2.7122654921386706,2.7121725896806015,N/A,2.7121725896806015
34,reciprocal,HiFi4,Float16_b,1,1,1,2,7,1,2,r,2,Float16_b,1,1,1,2,7,1,2,r,2,0,127,39.010704040527344,3307400,2.7131300253778914,N/A,2.7094348919358175,2.7092499969764767,N/A,2.7092499969764767
35,reciprocal,HiFi4,Float16_b,1,1,1,4,7,2,2,r,2,Float16_b,1,1,1,4,7,2,2,r,2,0,127,39.40171432495117,13098314,2.7374105906994037,N/A,2.736490507771182,2.73640514038677,N/A,2.73640514038677
36,reciprocal,HiFi4,Float16_b,1,1,1,2,7,4,2,r,2,Float16_b,1,1,1,2,7,4,2,r,2,0,127,39.560752868652344,13045657,2.748521920803271,N/A,2.7475854387600003,2.7474502633328473,N/A,2.7474502633328473
37,reciprocal,HiFi4,Float16_b,1,1,1,2,7,2,2,r,2,Float16_b,1,1,1,2,7,2,2,r,2,0,127,39.379093170166016,6552919,2.73684726137312,N/A,2.7350017396451127,2.734834183056436,N/A,2.734834183056436
38,reciprocal,HiFi4,Float16_b,1,1,1,2,2,1,2,r,2,Float16_b,1,1,1,2,2,1,2,r,2,0,127,38.74128723144531,951543,2.7039200712767326,N/A,2.69111528995971,2.6905393030057496,N/A,2.6905393030057496
39,reciprocal,HiFi4,Float16_b,1,1,1,7,2,1,2,r,2,Float16_b,1,1,1,7,2,1,2,r,2,0,127,39.011295318603516,3307350,2.7131896401240727,N/A,2.709474526626579,2.7092909549941795,N/A,2.7092909549941795
40,reciprocal,HiFi4,Float16_b,1,1,1,4,2,1,2,r,2,Float16_b,1,1,1,4,2,1,2,r,2,0,127,38.94947052001953,1892914,2.7117947623007783,N/A,2.7053700395182405,2.7049975223385743,N/A,2.7049975223385743
41,reciprocal,HiFi4,Float16_b,1,1,1,4,4,4,2,r,2,Float16_b,1,1,1,4,4,4,2,r,2,0,127,39.56419372558594,14908026,2.7486270228742278,N/A,2.747809175513259,2.7476891601879414,N/A,2.7476891601879414
42,reciprocal,HiFi4,Float16_b,1,1,1,7,2,4,2,r,2,Float16_b,1,1,1,7,2,4,2,r,2,0,127,39.56129837036133,13045477,2.7485620700139783,N/A,2.7476202534247056,2.7474881723374316,N/A,2.7474881723374316
43,reciprocal,HiFi4,Float16_b,1,1,1,4,2,4,2,r,2,Float16_b,1,1,1,4,2,4,2,r,2,0,127,39.5439338684082,7457831,2.748156064719261,N/A,2.7465184470567436,2.746282494199721,N/A,2.746282494199721
44,reciprocal,HiFi4,Float16_b,1,1,1,2,4,4,2,r,2,Float16_b,1,1,1,2,4,4,2,r,2,0,127,39.54367446899414,7457881,2.7481326511224093,N/A,2.7465214166980787,2.746264082250709,N/A,2.746264082250709
45,reciprocal,HiFi4,Float16_b,1,1,1,2,2,4,2,r,2,Float16_b,1,1,1,2,2,4,2,r,2,0,127,39.50776290893555,3732330,2.7475236661301765,N/A,2.744223722025766,2.743770073921652,N/A,2.743770073921652
46,reciprocal,HiFi4,Float16_b,1,1,1,7,2,2,2,r,2,Float16_b,1,1,1,7,2,2,2,r,2,0,127,39.37764358520508,6553160,2.7367486920471293,N/A,2.734901620594675,2.7347336063822643,N/A,2.7347336063822643
47,reciprocal,HiFi4,Float16_b,1,1,1,7,4,2,2,r,2,Float16_b,1,1,1,7,4,2,2,r,2,0,127,39.40061569213867,13098678,2.737338739616232,N/A,2.7364130198755827,2.7363290982494566,N/A,2.7363290982494566
48,reciprocal,HiFi4,Float16_b,1,1,1,4,4,2,2,r,2,Float16_b,1,1,1,4,4,2,2,r,2,0,127,39.38422393798828,7488074,2.7369503139277747,N/A,2.7353484795356664,2.7351907473136614,N/A,2.7351907473136614
49,reciprocal,HiFi4,Float16_b,1,1,1,4,2,2,2,r,2,Float16_b,1,1,1,4,2,2,2,r,2,0,127,39.3477897644043,3747504,2.736210687665919,N/A,2.732973866264995,2.73266028802104,N/A,2.73266028802104
50,reciprocal,HiFi4,Float16_b,1,1,1,2,4,2,2,r,2,Float16_b,1,1,1,2,4,2,2,r,2,0,127,39.34775924682617,3747507,2.7361760562754465,N/A,2.7329481378275258,2.732658100438505,N/A,2.732658100438505
51,reciprocal,HiFi4,Float16_b,1,1,1,2,2,2,2,r,2,Float16_b,1,1,1,2,2,2,2,r,2,0,127,39.27555847167969,1877198,2.7346479904314975,N/A,2.728239184673862,2.7276439033069497,N/A,2.7276439033069497
52,reciprocal,HiFi4,Float16_b,1,1,1,7,7,1,1,r,2,Float16_b,1,1,1,7,7,1,1,r,2,0,127,38.608734130859375,5848210,2.6830552952525677,N/A,2.681405888805685,2.6813338645500076,N/A,2.6813338645500076
53,reciprocal,HiFi4,Float16_b,1,1,1,7,7,2,1,r,2,Float16_b,1,1,1,7,7,2,1,r,2,0,127,39.00411605834961,11577855,2.709853827916701,N/A,2.70880879410314,2.7087925215853885,N/A,2.7087925215853885
54,reciprocal,HiFi4,Float16_b,1,1,1,7,2,2,1,r,2,Float16_b,1,1,1,7,2,2,1,r,2,0,127,39.01084518432617,3307388,2.713142444900641,N/A,2.7094266348545273,2.709259826787785,N/A,2.709259826787785
55,reciprocal,HiFi4,Float16_b,1,1,1,7,4,2,1,r,2,Float16_b,1,1,1,7,4,2,1,r,2,0,127,39.0523681640625,6607743,2.714086661438288,N/A,2.712228257992973,2.712143447467615,N/A,2.712143447467615
56,reciprocal,HiFi4,Float16_b,1,1,1,7,4,4,1,r,2,Float16_b,1,1,1,7,4,4,1,r,2,0,127,39.40158462524414,13098356,2.7374046907615734,N/A,2.736477873575734,2.7363963660783077,N/A,2.7363963660783077
57,reciprocal,HiFi4,Float16_b,1,1,1,7,2,8,1,r,2,Float16_b,1,1,1,7,2,8,1,r,2,0,127,39.56096649169922,13045586,2.7485418890471665,N/A,2.747603907405184,2.747465216204163,N/A,2.747465216204163
58,reciprocal,HiFi4,Float16_b,1,1,1,7,2,4,1,r,2,Float16_b,1,1,1,7,2,4,1,r,2,0,127,39.37811279296875,6553082,2.7368148253837643,N/A,2.734912136957111,2.7347661573592394,N/A,2.7347661573592394
59,reciprocal,HiFi4,Float16_b,1,1,1,7,2,1,1,r,2,Float16_b,1,1,1,7,2,1,1,r,2,0,127,38.53770446777344,1673997,2.682371148826168,N/A,2.676606797604274,2.676400686500633,N/A,2.676400686500633
60,reciprocal,HiFi4,Float16_b,1,1,1,7,2,1,8,r,2,Float16_b,1,1,1,7,2,1,8,r,2,0,127,39.56140899658203,13045440,2.748562282446784,N/A,2.7476325661392647,2.7474959648735497,N/A,2.7474959648735497
61,reciprocal,HiFi4,Float16_b,1,1,1,2,7,1,8,r,2,Float16_b,1,1,1,2,7,1,8,r,2,0,127,39.56000900268555,13045902,2.748477311944809,N/A,2.747541072569536,2.74739866664643,N/A,2.74739866664643
62,reciprocal,HiFi4,Float16_b,1,1,1,4,2,1,8,r,2,Float16_b,1,1,1,4,2,1,8,r,2,0,127,39.54281234741211,7458043,2.748066872199538,N/A,2.7464315878886336,2.746204429231636,N/A,2.746204429231636
63,reciprocal,HiFi4,Float16_b,1,1,1,2,2,1,8,r,2,Float16_b,1,1,1,2,2,1,8,r,2,0,127,39.50583267211914,3732512,2.747393655495098,N/A,2.744101434511457,2.7436362856971392,N/A,2.7436362856971392
64,reciprocal,HiFi4,Float16_b,1,1,1,4,4,4,1,r,2,Float16_b,1,1,1,4,4,4,1,r,2,0,127,39.38435745239258,7488049,2.7369628471642797,N/A,2.73534258848341,2.7351998791674577,N/A,2.7351998791674577
65,reciprocal,HiFi4,Float16_b,1,1,1,4,4,8,1,r,2,Float16_b,1,1,1,4,4,8,1,r,2,0,127,39.56352615356445,14908277,2.748585570592233,N/A,2.7477566016644768,2.747642899310229,N/A,2.747642899310229
66,reciprocal,HiFi4,Float16_b,1,1,1,4,7,4,1,r,2,Float16_b,1,1,1,4,7,4,1,r,2,0,127,39.40098571777344,13098556,2.737359388514895,N/A,2.736437023808864,2.736354584429001,N/A,2.736354584429001
67,reciprocal,HiFi4,Float16_b,1,1,1,2,7,4,1,r,2,Float16_b,1,1,1,2,7,4,1,r,2,0,127,39.378173828125,6553072,2.736785760020489,N/A,2.734950837867324,2.7347703306174567,N/A,2.7347703306174567
68,reciprocal,HiFi4,Float16_b,1,1,1,2,7,8,1,r,2,Float16_b,1,1,1,2,7,8,1,r,2,0,127,39.560611724853516,13045704,2.7485163977232054,N/A,2.747572489628114,2.7474403650427757,N/A,2.7474403650427757
69,reciprocal,HiFi4,Float16_b,1,1,1,4,2,8,1,r,2,Float16_b,1,1,1,4,2,8,1,r,2,0,127,39.5430908203125,7457991,2.748091771195431,N/A,2.7464616539020232,2.746223576831884,N/A,2.746223576831884
70,reciprocal,HiFi4,Float16_b,1,1,1,2,4,8,1,r,2,Float16_b,1,1,1,2,4,8,1,r,2,0,127,39.542510986328125,7458100,2.7480553519212774,N/A,2.74642230838781,2.7461834408227297,N/A,2.7461834408227297
71,reciprocal,HiFi4,Float16_b,1,1,1,2,2,8,1,r,2,Float16_b,1,1,1,2,2,8,1,r,2,0,127,39.50495529174805,3732595,2.7473275405204878,N/A,2.7440391832360738,2.743575276717672,N/A,2.743575276717672
72,reciprocal,HiFi4,Float16_b,1,1,1,4,2,4,1,r,2,Float16_b,1,1,1,4,2,4,1,r,2,0,127,39.347694396972656,3747513,2.736160582958796,N/A,2.7329518132889348,2.732653725283942,N/A,2.732653725283942
73,reciprocal,HiFi4,Float16_b,1,1,1,4,4,2,1,r,2,Float16_b,1,1,1,4,4,2,1,r,2,0,127,39.02058792114258,3778928,2.7133162266488813,N/A,2.710097170503547,2.7099366169453347,N/A,2.7099366169453347
74,reciprocal,HiFi4,Float16_b,1,1,1,4,2,1,1,r,2,Float16_b,1,1,1,4,2,1,1,r,2,0,127,37.914886474609375,972283,2.643089761492022,N/A,2.633226034511713,2.6331467689962698,N/A,2.6331467689962698
75,reciprocal,HiFi4,Float16_b,1,1,1,4,2,2,1,r,2,Float16_b,1,1,1,4,2,2,1,r,2,0,127,38.947723388671875,1892999,2.7116543609205155,N/A,2.705198611704241,2.7048760617411842,N/A,2.7048760617411842
76,reciprocal,HiFi4,Float16_b,1,1,1,4,7,1,1,r,2,Float16_b,1,1,1,4,7,1,1,r,2,0,127,38.58975601196289,3343478,2.6830349369753477,N/A,2.6801272270537457,2.6800156723029134,N/A,2.6800156723029134
77,reciprocal,HiFi4,Float16_b,1,1,1,4,7,2,1,r,2,Float16_b,1,1,1,4,7,2,1,r,2,0,127,39.05308151245117,6607622,2.7141413467324167,N/A,2.712285764492258,2.712193112741619,N/A,2.712193112741619
78,reciprocal,HiFi4,Float16_b,1,1,1,2,4,4,1,r,2,Float16_b,1,1,1,2,4,4,1,r,2,0,127,39.34598159790039,3747676,2.736058168751745,N/A,2.7328099476522874,2.7325348722781797,N/A,2.7325348722781797
79,reciprocal,HiFi4,Float16_b,1,1,1,2,2,4,1,r,2,Float16_b,1,1,1,2,2,4,1,r,2,0,127,39.273468017578125,1877298,2.734618550508079,N/A,2.728076565979518,2.7274986070405443,N/A,2.7274986070405443
80,reciprocal,HiFi4,Float16_b,1,1,1,2,2,1,1,r,2,Float16_b,1,1,1,2,2,1,1,r,2,0,127,37.295433044433594,494216,2.6094486402971704,N/A,2.590374376922261,2.5901264224549587,N/A,2.5901264224549587
81,reciprocal,HiFi4,Float16_b,1,1,1,2,2,2,1,r,2,Float16_b,1,1,1,2,2,2,1,r,2,0,127,38.56361389160156,955927,2.6913833142794177,N/A,2.6786882438420476,2.6782001554512007,N/A,2.6782001554512007
82,reciprocal,HiFi4,Float16_b,1,1,1,2,4,2,1,r,2,Float16_b,1,1,1,2,4,2,1,r,2,0,127,38.94951248168945,1892912,2.7117310732750384,N/A,2.7053008895503785,2.705000380366335,N/A,2.705000380366335
83,reciprocal,HiFi4,Float16_b,1,1,1,2,7,1,1,r,2,Float16_b,1,1,1,2,7,1,1,r,2,0,127,38.53450393676758,1674136,2.682186641694864,N/A,2.676377963469929,2.67617847056631,N/A,2.67617847056631
84,reciprocal,HiFi4,Float16_b,1,1,1,2,7,2,1,r,2,Float16_b,1,1,1,2,7,2,1,r,2,0,127,39.011680603027344,3307317,2.7131921241286827,N/A,2.7094910414233033,2.709317987964262,N/A,2.709317987964262
85,reciprocal,LoFi,Bfp8_b,1,1,1,7,4,4,2,r,2,Bfp8_b,1,1,1,7,4,4,2,r,2,0,127,39.601646423339844,26064373,1.4812128670758318,N/A,1.4809556330886304,1.4809254486958117,N/A,1.4809254486958117
86,reciprocal,LoFi,Bfp8_b,1,1,1,7,2,4,2,r,2,Bfp8_b,1,1,1,7,2,4,2,r,2,0,127,39.5899658203125,13036031,1.4810630751190466,N/A,1.4805555543957858,1.4804887039621186,N/A,1.4804887039621186
87,reciprocal,LoFi,Bfp8_b,1,1,1,4,2,4,2,r,2,Bfp8_b,1,1,1,4,2,4,2,r,2,0,127,39.57276153564453,7452399,1.4808351229863443,N/A,1.4799570710906256,1.4798453598633137,N/A,1.4798453598633137
88,reciprocal,LoFi,Bfp8_b,1,1,1,4,4,4,2,r,2,Bfp8_b,1,1,1,4,4,4,2,r,2,0,127,39.59334182739258,14897050,1.4811154415775172,N/A,1.4806675036905936,1.4806150318351619,N/A,1.4806150318351619
89,reciprocal,LoFi,Bfp8_b,1,1,1,4,7,4,2,r,2,Bfp8_b,1,1,1,4,7,4,2,r,2,0,127,39.60213088989258,26064051,1.4812277047160778,N/A,1.4809728708719365,1.480943744316645,N/A,1.480943744316645
90,reciprocal,LoFi,Bfp8_b,1,1,1,7,4,4,1,r,2,Bfp8_b,1,1,1,7,4,4,1,r,2,0,127,39.42600631713867,13090242,1.4749032196992893,N/A,1.4744004787337086,1.4743575130238233,N/A,1.4743575130238233
91,reciprocal,LoFi,Bfp8_b,1,1,1,7,2,4,1,r,2,Bfp8_b,1,1,1,7,2,4,1,r,2,0,127,39.402584075927734,6549012,1.4745641981451938,N/A,1.473561788591109,1.4734815450025134,N/A,1.4734815450025134
92,reciprocal,LoFi,Bfp8_b,1,1,1,4,2,4,1,r,2,Bfp8_b,1,1,1,4,2,4,1,r,2,0,127,39.36604690551758,3745766,1.47401306726779,N/A,1.4722432261739813,1.4721151935278391,N/A,1.4721151935278391
93,reciprocal,LoFi,Bfp8_b,1,1,1,4,4,4,1,r,2,Bfp8_b,1,1,1,4,4,4,1,r,2,0,127,39.40863037109375,7483437,1.474657484511852,N/A,1.4737782056636726,1.4737076132263824,N/A,1.4737076132263824
94,reciprocal,LoFi,Bfp8_b,1,1,1,4,7,4,1,r,2,Bfp8_b,1,1,1,4,7,4,1,r,2,0,127,39.425872802734375,13090287,1.4748916324707386,N/A,1.4744092201135566,1.4743524446790204,N/A,1.4743524446790204
95,reciprocal,LoFi,Bfp8_b,1,1,1,7,7,4,1,r,2,Bfp8_b,1,1,1,7,7,4,1,r,2,0,127,39.39851760864258,22923907,1.4736260051455925,N/A,1.4733378196559845,1.4733295297350488,N/A,1.4733295297350488
96,reciprocal,LoFi,Bfp8_b,1,1,1,2,4,4,1,r,2,Bfp8_b,1,1,1,2,4,4,1,r,2,0,127,39.36674118041992,3745700,1.4740432493336506,N/A,1.472282051978953,1.4721411324985982,N/A,1.4721411324985982
97,reciprocal,LoFi,Bfp8_b,1,1,1,2,2,4,1,r,2,Bfp8_b,1,1,1,2,2,4,1,r,2,0,127,39.28974914550781,1876520,1.4730578085168937,N/A,1.4694985281162036,1.469261995608893,N/A,1.469261995608893
98,reciprocal,LoFi,Bfp8_b,1,1,1,2,7,4,1,r,2,Bfp8_b,1,1,1,2,7,4,1,r,2,0,127,39.40171432495117,6549157,1.474541715795167,N/A,1.4735270906529703,1.4734489217467224,N/A,1.4734489217467224
99,reciprocal,LoFi,Bfp8_b,1,1,1,2,4,4,2,r,2,Bfp8_b,1,1,1,2,4,4,2,r,2,0,127,39.57331848144531,7452294,1.4808701945849674,N/A,1.4799626757823092,1.479866210323962,N/A,1.479866210323962
100,reciprocal,LoFi,Bfp8_b,1,1,1,2,2,4,2,r,2,Bfp8_b,1,1,1,2,2,4,2,r,2,0,127,39.536033630371094,3729661,1.480456655848285,N/A,1.4786841052629303,1.478471914739704,N/A,1.478471914739704
101,reciprocal,LoFi,Bfp8_b,1,1,1,2,7,4,2,r,2,Bfp8_b,1,1,1,2,7,4,2,r,2,0,127,39.590919494628906,13035717,1.4810907972346354,N/A,1.480579594233315,1.4805243654798579,N/A,1.4805243654798579
102,reciprocal,LoFi,Bfp8_b,1,1,1,7,4,1,8,r,2,Bfp8_b,1,1,1,7,4,1,8,r,2,0,127,39.60206985473633,26064092,1.4812255850349858,N/A,1.4809735581008514,1.480941414724902,N/A,1.480941414724902
103,reciprocal,LoFi,Bfp8_b,1,1,1,7,4,1,2,r,2,Bfp8_b,1,1,1,7,4,1,2,r,2,0,127,39.08467102050781,6602281,1.462628140722709,N/A,1.4616374256507363,1.461593094871303,N/A,1.461593094871303
104,reciprocal,LoFi,Bfp8_b,1,1,1,7,4,2,2,r,2,Bfp8_b,1,1,1,7,4,2,2,r,2,0,127,39.4259033203125,13090277,1.4748924276668793,N/A,1.4743904887122292,1.474353570974854,N/A,1.474353570974854
105,reciprocal,LoFi,Bfp8_b,1,1,1,4,4,1,8,r,2,Bfp8_b,1,1,1,4,4,1,8,r,2,0,127,39.59358596801758,14896958,1.481120052638037,N/A,1.4806746164700686,1.48062417575454,N/A,1.48062417575454
106,reciprocal,LoFi,Bfp8_b,1,1,1,4,4,1,2,r,2,Bfp8_b,1,1,1,4,4,1,2,r,2,0,127,39.050392150878906,3776044,1.4621170972304027,N/A,1.460398690020791,1.4603111192560254,N/A,1.4603111192560254
107,reciprocal,LoFi,Bfp8_b,1,1,1,4,4,2,2,r,2,Bfp8_b,1,1,1,4,4,2,2,r,2,0,127,39.4078254699707,7483590,1.4746467528561054,N/A,1.4737516072929584,1.4736774836675979,N/A,1.4736774836675979
108,reciprocal,LoFi,Bfp8_b,1,1,1,7,4,1,4,r,2,Bfp8_b,1,1,1,7,4,1,4,r,2,0,127,39.426673889160156,13090022,1.4749259402837671,N/A,1.474421821505877,1.4743822921000436,N/A,1.4743822921000436
109,reciprocal,LoFi,Bfp8_b,1,1,1,4,4,1,4,r,2,Bfp8_b,1,1,1,4,4,1,4,r,2,0,127,39.40773010253906,7483608,1.474622507838562,N/A,1.4737394993974258,1.4736739390946185,N/A,1.4736739390946185
110,reciprocal,LoFi,Bfp8_b,1,1,1,2,4,1,4,r,2,Bfp8_b,1,1,1,2,4,1,4,r,2,0,127,39.366825103759766,3745692,1.474028952411538,N/A,1.4722717510556071,1.4721442766783814,N/A,1.4721442766783814
111,reciprocal,LoFi,Bfp8_b,1,1,1,2,4,2,4,r,2,Bfp8_b,1,1,1,2,4,2,4,r,2,0,127,39.57204055786133,7452534,1.4808146820208634,N/A,1.4799190403755358,1.4798185529915058,N/A,1.4798185529915058
112,reciprocal,LoFi,Bfp8_b,1,1,1,4,4,2,1,r,2,Bfp8_b,1,1,1,4,4,2,1,r,2,0,127,39.04977035522461,3776104,1.4621042029167153,N/A,1.4603807584151571,1.4602879157989292,N/A,1.4602879157989292
113,reciprocal,LoFi,Bfp8_b,1,1,1,4,4,1,1,r,2,Bfp8_b,1,1,1,4,4,1,1,r,2,0,127,38.55389404296875,1912336,1.4445893796084723,N/A,1.4418369091654657,1.4417442959814593,N/A,1.4417442959814593
114,reciprocal,LoFi,Bfp8_b,1,1,1,4,4,8,1,r,2,Bfp8_b,1,1,1,4,4,8,1,r,2,0,127,39.59330749511719,14897064,1.4811088257582243,N/A,1.4806723123227556,1.4806136403790706,N/A,1.4806136403790706
115,reciprocal,LoFi,Bfp8_b,1,1,1,7,4,1,1,r,2,Bfp8_b,1,1,1,7,4,1,1,r,2,0,127,38.59933853149414,3342648,1.4450573799440358,N/A,1.443488328266139,1.4434436889555826,N/A,1.4434436889555826
116,reciprocal,LoFi,Bfp8_b,1,1,1,2,4,1,1,r,2,Bfp8_b,1,1,1,2,4,1,1,r,2,0,127,38.16223907470703,965981,1.4325197029347292,N/A,1.427153716048777,1.4270982141470692,N/A,1.4270982141470692
117,reciprocal,LoFi,Bfp8_b,1,1,1,7,4,8,1,r,2,Bfp8_b,1,1,1,7,4,8,1,r,2,0,127,39.60193634033203,26064181,1.4812227778990927,N/A,1.4809655404698638,1.480936357831462,N/A,1.480936357831462
118,reciprocal,LoFi,Bfp8_b,1,1,1,7,4,2,1,r,2,Bfp8_b,1,1,1,7,4,2,1,r,2,0,127,39.085018157958984,6602223,1.4626428876631359,N/A,1.4616438965552565,1.4616059348495196,N/A,1.4616059348495196
119,reciprocal,LoFi,Bfp8_b,1,1,1,2,4,8,1,r,2,Bfp8_b,1,1,1,2,4,8,1,r,2,0,127,39.57304000854492,7452346,1.480869392929876,N/A,1.479964877637085,1.479855884308109,N/A,1.479855884308109
120,reciprocal,LoFi,Bfp8_b,1,1,1,2,4,2,1,r,2,Bfp8_b,1,1,1,2,4,2,1,r,2,0,127,38.97452926635742,1891697,1.4610964153044572,N/A,1.4575961883265902,1.4574741726608438,N/A,1.4574741726608438
121,reciprocal,LoFi,Bfp8_b,1,1,1,2,4,1,8,r,2,Bfp8_b,1,1,1,2,4,1,8,r,2,0,127,39.57243728637695,7452460,1.4808265056477776,N/A,1.4799462621622568,1.4798332470083702,N/A,1.4798332470083702
122,reciprocal,LoFi,Bfp8_b,1,1,1,2,4,1,2,r,2,Bfp8_b,1,1,1,2,4,1,2,r,2,0,127,38.97294235229492,1891774,1.4610191608042025,N/A,1.457547260691466,1.4574148497653525,N/A,1.4574148497653525
123,reciprocal,LoFi,Bfp8_b,1,1,1,2,4,2,2,r,2,Bfp8_b,1,1,1,2,4,2,2,r,2,0,127,39.36616134643555,3745755,1.4740122730195901,N/A,1.472249168766502,1.472119516626154,N/A,1.472119516626154
124,reciprocal,LoFi,Bfp8_b,1,1,1,4,7,1,8,r,2,Bfp8_b,1,1,1,4,7,1,8,r,2,0,127,39.60225296020508,26063971,1.481232574276699,N/A,1.480986042870511,1.4809482898826123,N/A,1.4809482898826123
125,reciprocal,LoFi,Bfp8_b,1,1,1,4,7,1,2,r,2,Bfp8_b,1,1,1,4,7,1,2,r,2,0,127,39.08559036254883,6602126,1.4626596459109515,N/A,1.461659516216025,1.461627409110338,N/A,1.461627409110338
126,reciprocal,LoFi,Bfp8_b,1,1,1,4,7,1,4,r,2,Bfp8_b,1,1,1,4,7,1,4,r,2,0,127,39.42628860473633,13090149,1.474912421451661,N/A,1.4744053602707146,1.4743679877135087,N/A,1.4743679877135087
127,reciprocal,LoFi,Bfp8_b,1,1,1,4,2,1,4,r,2,Bfp8_b,1,1,1,4,2,1,4,r,2,0,127,39.367530822753906,3745625,1.4740694610778442,N/A,1.4723093897436283,1.4721706097113298,N/A,1.4721706097113298
128,reciprocal,LoFi,Bfp8_b,1,1,1,4,2,1,2,r,2,Bfp8_b,1,1,1,4,2,1,2,r,2,0,127,38.974735260009766,1891687,1.4610979760856246,N/A,1.4576288085749651,1.4574818772873102,N/A,1.4574818772873102
129,reciprocal,LoFi,Bfp8_b,1,1,1,4,2,1,8,r,2,Bfp8_b,1,1,1,4,2,1,8,r,2,0,127,39.57286071777344,7452380,1.48083893067952,N/A,1.4799546690928989,1.4798491327602725,N/A,1.4798491327602725
130,reciprocal,LoFi,Bfp8_b,1,1,1,7,7,1,2,r,2,Bfp8_b,1,1,1,7,7,1,2,r,2,0,127,39.01286315917969,11575259,1.4594704452345255,N/A,1.4589034242556351,1.4589077065143854,N/A,1.4589077065143854
131,reciprocal,LoFi,Bfp8_b,1,1,1,2,7,1,2,r,2,Bfp8_b,1,1,1,2,7,1,2,r,2,0,127,39.03969192504883,3304944,1.4619628269408482,N/A,1.4599907714219056,1.4599110181594606,N/A,1.4599110181594606
132,reciprocal,LoFi,Bfp8_b,1,1,1,2,7,1,8,r,2,Bfp8_b,1,1,1,2,7,1,8,r,2,0,127,39.589927673339844,13036042,1.4810543692142317,N/A,1.4805549820282167,1.4804874547044262,N/A,1.4804874547044262
133,reciprocal,LoFi,Bfp8_b,1,1,1,2,2,1,8,r,2,Bfp8_b,1,1,1,2,2,1,8,r,2,0,127,39.53371047973633,3729880,1.4803625199111314,N/A,1.4786029817347464,1.4783851062232565,N/A,1.4783851062232565
134,reciprocal,LoFi,Bfp8_b,1,1,1,2,2,1,2,r,2,Bfp8_b,1,1,1,2,2,1,2,r,2,0,127,38.59627914428711,955118,1.4503558503390541,N/A,1.4434894164008059,1.4433292640281097,N/A,1.4433292640281097
135,reciprocal,LoFi,Bfp8_b,1,1,1,7,2,1,2,r,2,Bfp8_b,1,1,1,7,2,1,2,r,2,0,127,39.0406608581543,3304862,1.462010600366783,N/A,1.4600188234892257,1.4599472413674157,N/A,1.4599472413674157
136,reciprocal,LoFi,Bfp8_b,1,1,1,7,2,1,8,r,2,Bfp8_b,1,1,1,7,2,1,8,r,2,0,127,39.58962631225586,13036142,1.4810470380053506,N/A,1.4805381546194436,1.4804760979130174,N/A,1.4804760979130174
137,reciprocal,LoFi,Bfp8_b,1,1,1,7,2,1,4,r,2,Bfp8_b,1,1,1,7,2,1,4,r,2,0,127,39.40164566040039,6549168,1.4745346760083269,N/A,1.4735189266697069,1.4734464469379929,N/A,1.4734464469379929
138,reciprocal,LoFi,Bfp8_b,1,1,1,2,2,1,4,r,2,Bfp8_b,1,1,1,2,2,1,4,r,2,0,127,39.283260345458984,1876830,1.4727635828587087,N/A,1.4692791102125964,1.4690193144823984,N/A,1.4690193144823984
139,reciprocal,LoFi,Bfp8_b,1,1,1,7,7,1,4,r,2,Bfp8_b,1,1,1,7,7,1,4,r,2,0,127,39.3958740234375,22925446,1.4735267990805814,N/A,1.4732402716023851,1.4732306241719353,N/A,1.4732306241719353
140,reciprocal,LoFi,Bfp8_b,1,1,1,2,7,1,4,r,2,Bfp8_b,1,1,1,2,7,1,4,r,2,0,127,39.402198791503906,6549076,1.4745455763519728,N/A,1.4735586135484557,1.4734671455942792,N/A,1.4734671455942792
141,reciprocal,LoFi,Bfp8_b,1,1,1,7,2,1,1,r,2,Bfp8_b,1,1,1,7,2,1,1,r,2,0,127,38.53434371948242,1674143,1.4442369171137643,N/A,1.4411135809188487,1.4410131512063187,N/A,1.4410131512063187
142,reciprocal,LoFi,Bfp8_b,1,1,1,4,2,1,1,r,2,Bfp8_b,1,1,1,4,2,1,1,r,2,0,127,38.1780891418457,965580,1.4331606278421594,N/A,1.4277585488798956,1.4276908800927939,N/A,1.4276908800927939
143,reciprocal,LoFi,Bfp8_b,1,1,1,2,2,1,1,r,2,Bfp8_b,1,1,1,2,2,1,1,r,2,0,127,37.21974563598633,495221,1.4020745843327798,N/A,1.3918986599801357,1.3918530918519207,N/A,1.3918530918519207
144,reciprocal,LoFi,Bfp8_b,1,1,1,4,7,1,1,r,2,Bfp8_b,1,1,1,4,7,1,1,r,2,0,127,38.593658447265625,3343140,1.4448449816301911,N/A,1.4432820475714558,1.4432312616282894,N/A,1.4432312616282894
145,reciprocal,LoFi,Bfp8_b,1,1,1,7,7,1,1,r,2,Bfp8_b,1,1,1,7,7,1,1,r,2,0,127,38.627296447753906,5845400,1.445422260118161,N/A,1.4444841909646842,1.44448921887296,N/A,1.44448921887296
146,reciprocal,LoFi,Bfp8_b,1,1,1,2,7,1,1,r,2,Bfp8_b,1,1,1,2,7,1,1,r,2,0,127,38.5356559753418,1674086,1.4442883321456563,N/A,1.441142213779754,1.4410622154417396,N/A,1.4410622154417396
147,reciprocal,LoFi,Bfp8_b,1,1,1,4,7,2,2,r,2,Bfp8_b,1,1,1,4,7,2,2,r,2,0,127,39.42650604248047,13090077,1.4749190104313092,N/A,1.4744141017084458,1.4743760972529036,N/A,1.4743760972529036
148,reciprocal,LoFi,Bfp8_b,1,1,1,7,7,2,2,r,2,Bfp8_b,1,1,1,7,7,2,2,r,2,0,127,39.39933395385742,22923431,1.4736587959787741,N/A,1.4733715045871543,1.4733601230985012,N/A,1.4733601230985012
149,reciprocal,LoFi,Bfp8_b,1,1,1,2,7,2,2,r,2,Bfp8_b,1,1,1,2,7,2,2,r,2,0,127,39.400821685791016,6549305,1.4744978885382918,N/A,1.4735121234194246,1.4734156250167,N/A,1.4734156250167
150,reciprocal,LoFi,Bfp8_b,1,1,1,7,2,8,1,r,2,Bfp8_b,1,1,1,7,2,8,1,r,2,0,127,39.589996337890625,13036021,1.4810583784997877,N/A,1.480553722821122,1.480489839652759,N/A,1.480489839652759
151,reciprocal,LoFi,Bfp8_b,1,1,1,4,2,8,1,r,2,Bfp8_b,1,1,1,4,2,8,1,r,2,0,127,39.573699951171875,7452222,1.4808697937573132,N/A,1.479993702522075,1.4798805081222755,N/A,1.4798805081222755
152,reciprocal,LoFi,Bfp8_b,1,1,1,4,2,2,1,r,2,Bfp8_b,1,1,1,4,2,2,1,r,2,0,127,38.972469329833984,1891797,1.4610035548263602,N/A,1.4575410478934714,1.457397130876093,N/A,1.457397130876093
153,reciprocal,LoFi,Bfp8_b,1,1,1,7,2,2,1,r,2,Bfp8_b,1,1,1,7,2,2,1,r,2,0,127,39.03851318359375,3305044,1.4619347001223055,N/A,1.4599466917796773,1.459866845948193,N/A,1.459866845948193
154,reciprocal,LoFi,Bfp8_b,1,1,1,2,2,8,1,r,2,Bfp8_b,1,1,1,2,2,8,1,r,2,0,127,39.53303527832031,3729944,1.4803408903659807,N/A,1.4785750101681905,1.4783597394491712,N/A,1.4783597394491712
155,reciprocal,LoFi,Bfp8_b,1,1,1,2,2,2,1,r,2,Bfp8_b,1,1,1,2,2,2,1,r,2,0,127,38.623291015625,954450,1.4514054689017097,N/A,1.4445474237398044,1.4443394206087274,N/A,1.4443394206087274
156,reciprocal,LoFi,Bfp8_b,1,1,1,4,7,8,1,r,2,Bfp8_b,1,1,1,4,7,8,1,r,2,0,127,39.602294921875,26063945,1.4812336627710985,N/A,1.4809849547400114,1.4809497671975596,N/A,1.4809497671975596
157,reciprocal,LoFi,Bfp8_b,1,1,1,7,7,2,1,r,2,Bfp8_b,1,1,1,7,7,2,1,r,2,0,127,39.01482391357422,11574678,1.4595394785439817,N/A,1.4589759610737798,1.4589809375258647,N/A,1.4589809375258647
158,reciprocal,LoFi,Bfp8_b,1,1,1,4,7,2,1,r,2,Bfp8_b,1,1,1,4,7,2,1,r,2,0,127,39.08417510986328,6602365,1.462606467728724,N/A,1.4616153357531623,1.4615744994407305,N/A,1.4615744994407305
159,reciprocal,LoFi,Bfp8_b,1,1,1,2,7,8,1,r,2,Bfp8_b,1,1,1,2,7,8,1,r,2,0,127,39.59031677246094,13035915,1.4810752177361626,N/A,1.480561850468255,1.4805018780806718,N/A,1.4805018780806718
160,reciprocal,LoFi,Bfp8_b,1,1,1,2,7,2,1,r,2,Bfp8_b,1,1,1,2,7,2,1,r,2,0,127,39.03983688354492,3304932,1.4619722027875393,N/A,1.4599885451135273,1.4599163190044455,N/A,1.4599163190044455
