Test-ID,math_fidelity,input0_df,input0_t,input0_grid_size_r,input0_grid_size_c,input0_mb_r,input0_mb_c,input0_ub_r,input0_ub_c,input0_ublock_order,input0_buf_size_mb,input1_df,input1_t,input1_grid_size_r,input1_grid_size_c,input1_mb_r,input1_mb_c,input1_ub_r,input1_ub_c,input1_ublock_order,input1_buf_size_mb,output_df,output_t,output_grid_size_r,output_grid_size_c,output_mb_r,output_mb_c,output_ub_r,output_ub_c,output_ublock_order,output_buf_size_mb,mblock_k,ublock_kt,l1_acc,first-input-idx-recorded,last-input-idx-recorded,average-math-utilization-all-inputs,total-runtime,input0-bw,input1-bw,output-bw,input0-bw-across-cores-total-runtime,input1-bw-across-cores-total-runtime,output-bw-across-cores-total-runtime
0,HiFi4,Int8,1,1,1,4,16,2,1,r,2,Int8,1,1,1,16,4,1,2,r,2,Int32,1,1,1,4,4,2,2,r,2,16,1,False,0,127,24.89496612548828,33695999,0.5134595802216585,0.5134595802216585,1.0035732445745091,0.5134587046966614,0.5134587046966614,1.0035783773616564
1,HiFi4,Int8,1,1,1,2,1,2,1,r,2,Int8,1,1,1,1,2,1,2,r,2,Int32,1,1,1,2,2,2,2,r,2,1,1,False,0,127,30.95094871520996,423483,1.290137010680436,1.290137010680436,19.93297767427492,1.2767265746204688,1.2767265746204688,19.963360984974603
2,HiFi4,Int8,1,1,1,4,32,2,1,r,2,Int8,1,1,1,32,4,1,2,r,2,Int32,1,1,1,4,4,2,2,r,2,32,1,False,0,127,24.437313079833984,68654093,0.5040173353201981,0.5040173353201981,0.4925584116253494,0.504019592830394,0.504019592830394,0.4925646020842486
4,HiFi4,Int8,1,1,1,2,16,2,1,r,2,Int8,1,1,1,16,8,1,2,r,2,Int32,1,1,1,2,8,2,2,r,2,16,1,False,0,127,24.919851303100586,33662351,0.25698928765179413,1.0279571506071765,1.0045790880656849,0.25698597225131425,1.027943889005257,1.0045815278915011
5,HiFi4,Int8,1,1,1,2,16,2,1,r,2,Int8,1,1,1,16,2,1,2,r,2,Int32,1,1,1,2,2,2,2,r,2,16,1,False,0,127,24.636632919311523,8512332,1.0163001501982416,1.0163001501982416,0.9931597320725354,1.0162611138757276,1.0162611138757276,0.9931642703785519
6,HiFi4,Int8,1,1,1,2,16,2,1,r,2,Int8,1,1,1,16,4,1,2,r,2,Int32,1,1,1,2,4,2,2,r,2,16,1,False,0,127,24.816875457763672,16901016,0.511860188033822,1.023720376067644,1.000434375333206,0.5118480451116075,1.023696090223215,1.0004302699908691
7,HiFi4,Int8,1,1,1,4,16,2,1,r,2,Int8,1,1,1,16,2,1,2,r,2,Int32,1,1,1,4,2,2,2,r,2,16,1,False,0,127,24.714536666870117,16971000,1.0194838398404775,0.5097419199202388,0.9962920377900125,1.019474633197808,0.509737316598904,0.9963047551705851
8,HiFi4,Int8,1,1,1,8,16,2,1,r,2,Int8,1,1,1,16,2,1,2,r,2,Int32,1,1,1,8,2,2,2,r,2,16,1,False,0,127,24.755582809448242,33885721,1.0211472262811954,0.25528680657029884,0.9979326564965469,1.0211678246421259,0.25529195616053146,0.9979594649911684
9,HiFi4,Int8,1,1,1,4,16,2,2,r,2,Int8,1,1,1,16,2,2,2,r,2,Int32,1,1,1,4,2,2,2,r,2,16,2,False,0,127,39.459808349609375,21258612,1.6277366355467453,0.8138683177733727,0.795365427971254,1.6277171811593343,0.8138585905796671,0.7953618044301293
10,HiFi4,Int8,1,1,1,4,16,2,2,r,2,Int8,1,1,1,16,4,2,2,r,2,Int32,1,1,1,4,4,2,2,r,2,16,2,False,0,127,39.612762451171875,42353056,0.8170185740534953,0.8170185740534953,0.7984454479314081,0.8170132516529622,0.8170132516529622,0.7984447686608495
11,HiFi4,Int8,1,1,1,2,16,2,2,r,2,Int8,1,1,1,16,4,2,2,r,2,Int32,1,1,1,2,4,2,2,r,2,16,2,False,0,127,39.53296661376953,21219272,0.8153893631247829,1.6307787262495659,0.7968530932921611,0.8153674640675703,1.6307349281351406,0.7968363853387619
20,HiFi4,Int8,1,1,1,2,32,2,2,r,2,Int8,1,1,1,32,2,2,2,r,2,Int32,1,1,1,2,2,2,2,r,2,16,4,False,0,127,55.0755615234375,15231090,2.271813017805512,2.271813017805512,0.5550215376064473,2.2718668197745533,2.2718668197745533,0.5550583707403738
22,HiFi4,Int8,1,1,1,2,16,2,2,r,2,Int8,1,1,1,16,2,2,2,r,2,Int32,1,1,1,2,2,2,2,r,2,16,2,False,0,127,39.30833435058594,10670267,1.621541233155798,1.621541233155798,0.7923349554855107,1.621468703641624,1.621468703641624,0.7923085710976117
34,HiFi4,Int8,1,1,1,4,16,2,2,r,2,Int8,1,1,1,16,2,2,2,r,2,Int32,1,1,1,4,2,2,2,r,2,8,4,False,0,127,56.4323616027832,14864890,2.3276935396378478,1.1638467698189239,1.1373740384194262,2.327834783843002,1.163917391921501,1.137464723923285
35,HiFi4,Int8,1,1,1,4,16,2,2,r,2,Int8,1,1,1,16,4,2,2,r,2,Int32,1,1,1,4,4,2,2,r,2,8,4,False,0,127,57.006591796875,29430308,1.1757288454967336,1.1757288454967336,1.1489912488017353,1.1757609876186141,1.1757609876186141,1.1490391469909182
36,HiFi4,Int8,1,1,1,2,16,2,2,r,2,Int8,1,1,1,16,4,2,2,r,2,Int32,1,1,1,2,4,2,2,r,2,8,4,False,0,127,57.03395462036133,14708095,1.1763497880199691,2.3526995760399383,1.1495759650921027,1.1763252820980554,2.352650564196111,1.149590616595827
38,HiFi4,Int8,1,1,1,2,16,2,2,r,2,Int8,1,1,1,16,2,2,2,r,2,Int32,1,1,1,2,2,2,2,r,2,8,4,False,0,127,56.56197738647461,7415413,2.333297223164243,2.333297223164243,1.1400628984584997,2.3331814424901216,2.3331814424901216,1.1400772957622185
39,HiFi4,Int8,1,1,1,4,8,2,1,r,2,Int8,1,1,1,8,4,1,2,r,2,Int32,1,1,1,4,4,2,2,r,2,8,1,False,0,127,25.87229347229004,16211567,0.5336239619389264,0.5336239619389264,2.085937243550529,0.533616028604761,0.533616028604761,2.085953566364066
40,HiFi4,Int8,1,1,1,2,8,2,1,r,2,Int8,1,1,1,8,4,1,2,r,2,Int32,1,1,1,2,4,2,2,r,2,8,1,False,0,127,25.783161163330078,8133805,0.5318107432713596,1.0636214865427192,2.0787731512717658,0.5317776858432185,1.063555371686437,2.078767317387127
41,HiFi4,Int8,1,1,1,2,8,2,1,r,2,Int8,1,1,1,8,8,1,2,r,2,Int32,1,1,1,2,8,2,2,r,2,8,1,False,0,127,25.893390655517578,16198357,0.2670362893440699,1.0681451573762797,2.08767019369714,0.26702560018895743,1.0681024007558297,2.0876546923863946
42,HiFi4,Int8,1,1,1,8,8,2,1,r,2,Int8,1,1,1,8,2,1,2,r,2,Int32,1,1,1,8,2,2,2,r,2,8,1,False,0,127,25.724796295166016,16304518,1.0611536058086235,0.2652884014521559,2.0740233404077952,1.0611478364463152,0.2652869591115788,2.0740616803268885
43,HiFi4,Int8,1,1,1,4,8,2,1,r,2,Int8,1,1,1,8,2,1,2,r,2,Int32,1,1,1,4,2,2,2,r,2,8,1,False,0,127,25.66605567932129,8170917,1.0587638843625005,0.5293819421812502,2.0693298992915437,1.0587247428899351,0.5293623714449676,2.069325633830328
44,HiFi4,Int8,1,1,1,2,8,2,1,r,2,Int8,1,1,1,8,2,1,2,r,2,Int32,1,1,1,2,2,2,2,r,2,8,1,False,0,127,25.55108642578125,4103841,1.0540804013164018,1.0540804013164018,2.060163047709618,1.0539823545795268,1.0539823545795268,2.0600564203145297
45,HiFi4,Int8,1,1,1,4,8,2,2,r,2,Int8,1,1,1,8,4,2,2,r,2,Int32,1,1,1,4,4,2,2,r,2,8,2,False,0,127,41.13969039916992,20390549,0.8485268787105333,0.8485268787105333,1.6584765659330312,0.8485060407152353,0.8485060407152353,1.6584436250343235
48,HiFi4,Int8,1,1,1,8,8,2,2,r,2,Int8,1,1,1,8,2,2,2,r,2,Int32,1,1,1,8,2,2,2,r,2,8,2,False,0,127,40.957088470458984,20481457,1.6894616503845354,0.42236541259613386,1.6510568325719,1.6894798060509073,0.4223699515127268,1.6510825377315685
53,HiFi4,Int8,1,1,1,4,8,2,2,r,2,Int8,1,1,1,8,2,2,2,r,2,Int32,1,1,1,4,2,2,2,r,2,8,2,False,0,127,40.98444366455078,10233893,1.690692959779511,0.8453464798897555,1.652236388041436,1.6906082563106728,0.8453041281553364,1.6521853413945211
56,HiFi4,Int8,1,1,1,2,8,2,2,r,2,Int8,1,1,1,8,8,2,2,r,2,Int32,1,1,1,2,8,2,2,r,2,8,2,False,0,127,41.169578552246094,20375745,0.4245746076212,1.6982984304848,1.6596926111530443,0.4245612614409927,1.6982450457639708,1.6596485674511534
59,HiFi4,Int8,1,1,1,2,8,2,2,r,2,Int8,1,1,1,8,4,2,2,r,2,Int32,1,1,1,2,4,2,2,r,2,8,2,False,0,127,41.07481384277344,10211377,0.8472218369893387,1.6944436739786775,1.655922475761337,0.847168016615193,1.694336033230386,1.6558283961115137
60,HiFi4,Int8,1,1,1,2,32,2,2,r,2,Int8,1,1,1,32,2,2,2,r,2,Int32,1,1,1,2,2,2,2,r,2,8,8,False,0,127,69.94161987304688,11993728,2.8849673304768246,2.8849673304768246,0.7048017641688699,2.885091941388032,2.885091941388032,0.7048804174982124
62,HiFi4,Int8,1,1,1,2,8,2,2,r,2,Int8,1,1,1,8,2,2,2,r,2,Int32,1,1,1,2,2,2,2,r,2,8,2,False,0,127,40.835166931152344,5135652,1.6846336469494656,1.6846336469494656,1.6463106518102635,1.6844505819319533,1.6844505819319533,1.6461676141607726
63,HiFi4,Int8,1,1,1,4,4,2,2,r,2,Int8,1,1,1,4,4,2,2,r,2,Int32,1,1,1,4,4,2,2,r,2,4,2,False,0,127,44.605796813964844,9403047,0.9200601998945216,0.9200601998945216,3.596504895829894,0.9199945507025542,0.9199945507025542,3.59634233456453
64,HiFi4,Int8,1,1,1,8,4,2,2,r,2,Int8,1,1,1,4,2,2,2,r,2,Int32,1,1,1,8,2,2,2,r,2,4,2,False,0,127,44.39716339111328,9447234,1.8314122337991041,0.45785305844977603,3.5795937327100837,1.8313830270320393,0.4578457567580098,3.5795213710171674
65,HiFi4,Int8,1,1,1,4,4,2,2,r,2,Int8,1,1,1,4,2,2,2,r,2,Int32,1,1,1,4,2,2,2,r,2,4,2,False,0,127,44.45209503173828,4717780,1.8338782015055755,0.9169391007527877,3.5842482042109305,1.833648877226153,0.9168244386130765,3.5839500782147535
66,HiFi4,Int8,1,1,1,2,4,2,2,r,2,Int8,1,1,1,4,8,2,2,r,2,Int32,1,1,1,2,8,2,2,r,2,4,2,False,0,127,44.63213348388672,9397498,0.4603014773548762,1.8412059094195048,3.598724115026142,0.46026889284786227,1.841075571391449,3.5984658895378323
67,HiFi4,Int8,1,1,1,2,4,2,2,r,2,Int8,1,1,1,4,4,2,2,r,2,Int32,1,1,1,2,4,2,2,r,2,4,2,False,0,127,44.53730392456055,4708754,0.9187017819447325,1.837403563889465,3.5911634756995583,0.9185818583854667,1.8371637167709334,3.5908199918704606
68,HiFi4,Int8,1,1,1,2,4,2,2,r,2,Int8,1,1,1,4,2,2,2,r,2,Int32,1,1,1,2,2,2,2,r,2,4,2,False,0,127,44.31806182861328,2366024,1.828641552365491,1.828641552365491,3.5739528795811517,1.8281200866939642,1.8281200866939642,3.57314380581093
69,HiFi4,Int8,1,1,1,4,4,2,1,r,2,Int8,1,1,1,4,4,1,2,r,2,Int32,1,1,1,4,4,2,2,r,2,4,1,False,0,127,28.071767807006836,7470680,0.5790179028588475,0.5790179028588475,4.52679578248639,0.5789802266995775,0.5789802266995775,4.526572681469425
70,HiFi4,Int8,1,1,1,8,4,2,1,r,2,Int8,1,1,1,4,2,1,2,r,2,Int32,1,1,1,8,2,2,2,r,2,4,1,False,0,127,27.90229034423828,7516057,1.1510030682086383,0.2877507670521596,4.499213330563821,1.1509694511364137,0.2877423627841034,4.499244218078708
71,HiFi4,Int8,1,1,1,4,4,2,1,r,2,Int8,1,1,1,4,2,1,2,r,2,Int32,1,1,1,4,2,2,2,r,2,4,1,False,0,127,27.814462661743164,3769895,1.1475320588752775,0.5737660294376388,4.485253054567815,1.1473465441345183,0.5736732720672592,4.485081945253117
72,HiFi4,Int8,1,1,1,4,8,2,2,r,2,Int8,1,1,1,8,4,2,2,r,2,Int32,1,1,1,4,4,2,2,r,2,4,4,False,0,127,60.25863265991211,13921006,1.2428381999832756,1.2428381999832756,2.42911182488702,1.2428343181520072,1.2428343181520072,2.4291761672971046
73,HiFi4,Int8,1,1,1,4,16,2,2,r,2,Int8,1,1,1,16,4,2,2,r,2,Int32,1,1,1,4,4,2,2,r,2,4,8,False,0,127,72.88311767578125,23019343,1.5031241358693948,1.5031241358693948,1.4688997142437863,1.503214405380727,1.503214405380727,1.469050441622074
76,HiFi4,Int8,1,1,1,8,8,2,2,r,2,Int8,1,1,1,8,2,2,2,r,2,Int32,1,1,1,8,2,2,2,r,2,4,4,False,0,127,59.20195770263672,14169478,2.4417832919206024,0.6104458229801506,2.3861908041816178,2.442080646866455,0.6105201617166137,2.3865788139831263
78,HiFi4,Int8,1,1,1,4,16,2,2,r,2,Int8,1,1,1,16,2,2,2,r,2,Int32,1,1,1,4,2,2,2,r,2,4,8,False,0,127,71.68455505371094,11702113,2.9566249596542096,1.4783124798271048,1.4445905628052154,2.956988024299543,1.4784940121497716,1.444891875510004
79,HiFi4,Int8,1,1,1,4,8,2,2,r,2,Int8,1,1,1,8,2,2,2,r,2,Int32,1,1,1,4,2,2,2,r,2,4,4,False,0,127,59.64982986450195,7031544,2.46061156309992,1.23030578154996,2.404535886599395,2.4605554626409223,1.2302777313204611,2.404633747580901
81,HiFi4,Int8,1,1,1,2,32,2,2,r,2,Int8,1,1,1,32,2,2,2,r,2,Int32,1,1,1,2,2,2,2,r,2,4,16,False,0,127,80.30331420898438,10446154,3.3120475832713034,3.3120475832713034,0.8091255351424432,3.3125117627023304,3.3125117627023304,0.809306851114774
84,HiFi4,Int8,1,1,1,2,8,2,2,r,2,Int8,1,1,1,8,4,2,2,r,2,Int32,1,1,1,2,4,2,2,r,2,4,4,False,0,127,60.28313446044922,6957674,1.2434535256932628,2.4869070513865257,2.4302332858185864,1.243339656327675,2.48667931265535,2.430163873731365
85,HiFi4,Int8,1,1,1,2,16,2,2,r,2,Int8,1,1,1,16,4,2,2,r,2,Int32,1,1,1,2,4,2,2,r,2,4,8,False,0,127,73.04344177246094,11484410,1.506560994735565,3.01312198947113,1.4721946110887385,1.506520927065474,3.013041854130948,1.4722818150867132
87,HiFi4,Int8,1,1,1,2,8,2,2,r,2,Int8,1,1,1,8,8,2,2,r,2,Int32,1,1,1,2,8,2,2,r,2,4,4,False,0,127,60.046791076660156,13970119,0.619227894274624,2.476911577098496,2.420521737951077,0.6192325204960674,2.4769300819842694,2.420636216484627
88,HiFi4,Int8,1,1,1,2,16,2,2,r,2,Int8,1,1,1,16,2,2,2,r,2,Int32,1,1,1,2,2,2,2,r,2,4,8,False,0,127,72.41512298583984,5792028,2.9874089598587177,2.9874089598587177,1.4595323703453142,2.9871236810319286,2.9871236810319286,1.4596172532315106
89,HiFi4,Int8,1,1,1,2,8,2,2,r,2,Int8,1,1,1,8,2,2,2,r,2,Int32,1,1,1,2,2,2,2,r,2,4,4,False,0,127,59.84481430053711,3504317,2.469162112293327,2.469162112293327,2.412681793981538,2.468598588540934,2.468598588540934,2.4124940751650037
90,HiFi4,Int8,1,1,1,2,4,2,1,r,2,Int8,1,1,1,4,4,1,2,r,2,Int32,1,1,1,2,4,2,2,r,2,4,1,False,0,127,27.939064025878906,3753082,0.5763247757191732,1.1526495514383464,4.505320600272851,0.5762432049179848,1.1524864098359695,4.5051741475406075
91,HiFi4,Int8,1,1,1,2,4,2,1,r,2,Int8,1,1,1,4,8,1,2,r,2,Int32,1,1,1,2,8,2,2,r,2,4,1,False,0,127,28.10127067565918,7462837,0.28981605701474844,1.1592642280589938,4.531444028757702,0.2897943503254861,1.1591774013019445,4.531329841453056
92,HiFi4,Int8,1,1,1,2,4,2,1,r,2,Int8,1,1,1,4,2,1,2,r,2,Int32,1,1,1,2,2,2,2,r,2,4,1,False,0,127,27.614248275756836,1898614,1.1393787500663728,1.1393787500663728,4.453178454252981,1.1390877766623442,1.1390877766623442,4.452797672407345
99,HiFi4,Int8,1,1,1,4,8,2,2,r,2,Int8,1,1,1,8,4,2,2,r,2,Int32,1,1,1,4,4,2,2,r,2,1,16,False,0,127,91.77182006835938,9140723,1.8926352395697894,1.8926352395697894,3.6988248273940085,1.892793819482332,1.892793819482332,3.699551556260922
100,HiFi4,Int8,1,1,1,4,16,2,2,r,2,Int8,1,1,1,16,4,2,2,r,2,Int32,1,1,1,4,4,2,2,r,2,2,16,False,0,127,84.0916519165039,19951107,1.7340945447904035,1.7340945447904035,1.6946052451351366,1.7343903774361995,1.7343903774361995,1.6949724143126494
102,HiFi4,Int8,1,1,1,4,16,2,2,r,2,Int8,1,1,1,16,2,2,2,r,2,Int32,1,1,1,4,2,2,2,r,2,2,16,False,0,127,81.46126556396484,10297664,3.359152866642128,1.679576433321064,1.641246389881366,3.36027743767907,1.680138718839535,1.6419537479568183
106,HiFi4,Int8,1,1,1,4,2,2,1,r,2,Int8,1,1,1,2,4,1,2,r,2,Int32,1,1,1,4,4,2,2,r,2,2,1,False,0,127,33.84813690185547,3097884,0.6982292997734277,0.6982292997734277,10.915966370150874,0.698117812029114,0.698117812029114,10.916023969909784
107,HiFi4,Int8,1,1,1,4,32,2,1,r,2,Int8,1,1,1,32,2,1,2,r,2,Int32,1,1,1,4,2,2,2,r,2,32,1,False,0,127,24.261051177978516,34576442,1.0007545737672592,0.5003772868836296,0.48900184020689413,1.0007683265964729,0.5003841632982364,0.4890117959505492
108,HiFi4,Int8,1,1,1,2,1,2,1,r,2,Int8,1,1,1,1,8,1,2,r,2,Int32,1,1,1,2,8,2,2,r,2,1,1,False,0,127,34.20222854614258,1532906,0.353827178408184,1.415308713632736,22.020869444227497,0.35271047278828577,1.410841891153143,22.060436843485512
109,HiFi4,Int8,1,1,1,4,1,2,1,r,2,Int8,1,1,1,1,4,1,2,r,2,Int32,1,1,1,4,4,2,2,r,2,1,1,False,0,127,33.786319732666016,1551776,0.6987715928651956,0.6987715928651956,21.75179561118203,0.6968428432969707,0.6968428432969707,21.792176190377994
110,HiFi4,Int8,1,1,1,4,1,2,1,r,2,Int8,1,1,1,1,2,1,2,r,2,Int32,1,1,1,4,2,2,2,r,2,1,1,False,0,127,32.73649215698242,800770,1.3578710365749478,0.6789355182874739,21.082716291414698,1.350380259000712,0.675190129500356,21.115036777102038
111,HiFi4,Int8,1,1,1,4,2,2,2,r,2,Int8,1,1,1,2,4,2,2,r,2,Int32,1,1,1,4,4,2,2,r,2,2,2,False,0,127,53.626136779785156,3910690,1.1062719481063825,1.1062719481063825,8.647891636600948,1.106039087731321,1.106039087731321,8.647214685899419
113,HiFi4,Int8,1,1,1,2,32,2,1,r,2,Int8,1,1,1,32,4,1,2,r,2,Int32,1,1,1,2,4,2,2,r,2,32,1,False,0,127,24.366779327392578,34426411,0.5025692272925407,1.0051384545850814,0.49114077205181017,0.5025648476688436,1.0051296953376871,0.49114291931273346
114,HiFi4,Int8,1,1,1,8,1,2,1,r,2,Int8,1,1,1,1,2,1,2,r,2,Int32,1,1,1,8,2,2,2,r,2,1,1,False,0,127,34.15850830078125,1534868,1.413218894974354,0.3533047237435885,22.00130359117073,1.409038431969394,0.3522596079923485,22.03223729988507
115,HiFi4,Int8,1,1,1,8,2,2,1,r,2,Int8,1,1,1,2,2,1,2,r,2,Int32,1,1,1,8,2,2,2,r,2,2,1,False,0,127,33.70030975341797,3111473,1.390389314347215,0.34759732858680376,10.868129878366574,1.3901377257652565,0.34753443144131413,10.868349492346551
116,HiFi4,Int8,1,1,1,2,1,2,1,r,2,Int8,1,1,1,1,4,1,2,r,2,Int32,1,1,1,2,4,2,2,r,2,1,1,False,0,127,32.72480392456055,801056,0.6786563705000658,1.3573127410001316,21.07318249649538,0.6749490672312547,1.3498981344625094,21.107498102504692
117,HiFi4,Int8,1,1,1,2,2,2,1,r,2,Int8,1,1,1,2,4,1,2,r,2,Int32,1,1,1,2,4,2,2,r,2,2,1,False,0,127,32.894500732421875,1593847,0.6786241759103648,1.3572483518207297,10.608838953774043,0.678449060668935,1.35689812133787,10.608476221368802
118,HiFi4,Int8,1,1,1,4,2,2,1,r,2,Int8,1,1,1,2,2,1,2,r,2,Int32,1,1,1,4,2,2,2,r,2,2,1,False,0,127,33.460079193115234,1566906,1.3807154678286564,0.6903577339143282,10.791781974533848,1.380228297038878,0.690114148519439,10.79087577684941
119,HiFi4,Int8,1,1,1,2,2,2,1,r,2,Int8,1,1,1,2,8,1,2,r,2,Int32,1,1,1,2,8,2,2,r,2,2,1,False,0,127,33.65557098388672,3115609,0.34713543444506173,1.388541737780247,10.8535821554556,0.347073076242879,1.388292304971516,10.853921657050034
120,HiFi4,Int8,1,1,1,2,2,2,1,r,2,Int8,1,1,1,2,2,1,2,r,2,Int32,1,1,1,2,2,2,2,r,2,2,1,False,0,127,31.3559627532959,836026,1.293941283381313,1.293941283381313,10.111280675234879,1.2934334578111206,1.2934334578111206,10.112297942886944
121,HiFi4,Int8,1,1,1,2,32,2,1,r,2,Int8,1,1,1,32,2,1,2,r,2,Int32,1,1,1,2,2,2,2,r,2,32,1,False,0,127,24.195873260498047,17334790,0.9980901999821735,0.9980901999821735,0.4876912849495006,0.998079815215529,0.998079815215529,0.4876980915257699
122,HiFi4,Int8,1,1,1,4,1,2,2,r,2,Int8,1,1,1,1,4,2,2,r,2,Int32,1,1,1,4,4,2,2,r,2,1,2,False,0,127,67.56815338134766,1551879,1.395792312510855,1.395792312510855,21.75478555066171,1.3935931860666972,1.3935931860666972,21.790729818497447
123,HiFi4,Int8,1,1,1,4,2,2,2,r,2,Int8,1,1,1,2,4,2,2,r,2,Int32,1,1,1,4,4,2,2,r,2,1,4,False,0,127,92.90364074707031,2257341,1.9173691074389247,1.9173691074389247,14.983170919262747,1.9161376150081002,1.9161376150081002,14.980712262790602
124,HiFi4,Int8,1,1,1,4,4,2,2,r,2,Int8,1,1,1,4,4,2,2,r,2,Int32,1,1,1,4,4,2,2,r,2,1,8,False,0,127,92.78509521484375,4520450,1.914092961146212,1.914092961146212,7.4806334475823215,1.9136926633410392,1.9136926633410392,7.480798593060426
125,HiFi4,Int8,1,1,1,4,4,2,2,r,2,Int8,1,1,1,4,4,2,2,r,2,Int32,1,1,1,4,4,2,2,r,2,2,4,False,0,127,67.9874267578125,6169235,1.4023945626781142,1.4023945626781142,5.481519117543029,1.4022406343736298,1.4022406343736298,5.481486116187826
126,HiFi4,Int8,1,1,1,8,1,2,2,r,2,Int8,1,1,1,1,2,2,2,r,2,Int32,1,1,1,8,2,2,2,r,2,1,2,False,0,127,67.69145965576172,1549052,2.796160835228787,0.6990402088071968,21.80428100374448,2.792272951456762,0.6980682378641905,21.830497620480138
127,HiFi4,Int8,1,1,1,2,1,2,2,r,2,Int8,1,1,1,1,8,2,2,r,2,Int32,1,1,1,2,8,2,2,r,2,1,2,False,0,127,67.6646499633789,1549666,0.6988790144655272,2.795516057862109,21.788365904247097,0.6977916531691345,2.791166612676538,21.821848062743843
128,HiFi4,Int8,1,1,1,2,1,2,2,r,2,Int8,1,1,1,1,2,2,2,r,2,Int32,1,1,1,2,2,2,2,r,2,1,2,False,0,127,68.5888900756836,382196,2.847940285671056,2.847940285671056,22.112051035337227,2.829291776994003,2.829291776994003,22.11991752922584
129,HiFi4,Int8,1,1,1,2,1,2,2,r,2,Int8,1,1,1,1,4,2,2,r,2,Int32,1,1,1,2,4,2,2,r,2,1,2,False,0,127,65.60012817382812,799218,1.3566862791959242,2.7133725583918484,21.126177598398176,1.3530025600024023,2.7060051200048045,21.156040029128473
131,HiFi4,Int8,1,1,1,8,2,2,2,r,2,Int8,1,1,1,2,2,2,2,r,2,Int32,1,1,1,8,2,2,2,r,2,1,4,False,0,127,90.35748291015625,2320950,3.7287238178812765,0.9321809544703191,14.569198777055858,3.7272461707490465,0.9318115426872616,14.570144122019
132,HiFi4,Int8,1,1,1,8,4,2,2,r,2,Int8,1,1,1,4,2,2,2,r,2,Int32,1,1,1,8,2,2,2,r,2,1,8,False,0,127,88.56938171386719,4735614,3.652898449878643,0.9132246124696608,7.138223417113031,3.653486960719349,0.9133717401798372,7.140906332315091
133,HiFi4,Int8,1,1,1,8,8,2,2,r,2,Int8,1,1,1,8,2,2,2,r,2,Int32,1,1,1,8,2,2,2,r,2,1,16,False,0,127,84.9952392578125,9869503,3.5037554007772975,0.8759388501943244,3.4237706475436216,3.5060537496163686,0.8765134374040922,3.4263707098523604
134,HiFi4,Int8,1,1,1,4,4,2,2,r,2,Int8,1,1,1,4,2,2,2,r,2,Int32,1,1,1,4,2,2,2,r,2,1,8,False,0,127,90.93377685546875,2306241,3.752526118084872,1.876263059042436,7.331184753267991,3.751018215355637,1.8755091076778185,7.331535602740564
135,HiFi4,Int8,1,1,1,2,4,2,2,r,2,Int8,1,1,1,4,2,2,2,r,2,Int32,1,1,1,2,2,2,2,r,2,1,8,False,0,127,91.86270141601562,1141460,3.7939270066797977,3.7939270066797977,7.408401568217367,3.7893364638270284,3.7893364638270284,7.406430361116465
136,HiFi4,Int8,1,1,1,2,8,2,2,r,2,Int8,1,1,1,8,2,2,2,r,2,Int32,1,1,1,2,2,2,2,r,2,1,16,False,0,127,91.130126953125,2301272,3.760575672710576,3.760575672710576,3.6734519060521484,3.7591175662850804,3.7591175662850804,3.673683076142238
137,HiFi4,Int8,1,1,1,2,2,2,2,r,2,Int8,1,1,1,2,2,2,2,r,2,Int32,1,1,1,2,2,2,2,r,2,1,4,False,0,127,86.7518081665039,604354,3.5860621354680213,3.5860621354680213,13.993360403313792,3.578511931748611,3.578511931748611,13.988728460471842
138,HiFi4,Int8,1,1,1,4,2,2,2,r,2,Int8,1,1,1,2,2,2,2,r,2,Int32,1,1,1,4,2,2,2,r,2,1,4,False,0,127,89.85889434814453,1166914,3.7105940292726114,1.8552970146363057,14.49208067304129,3.706679326839853,1.8533396634199264,14.489746459464879
139,HiFi4,Int8,1,1,1,4,8,2,2,r,2,Int8,1,1,1,8,2,2,2,r,2,Int32,1,1,1,4,2,2,2,r,2,1,16,False,0,127,88.75094604492188,4725926,3.6603728364114465,1.8301864182057233,3.5763985975970867,3.6609764943420613,1.8304882471710306,3.5777724831070143
140,HiFi4,Int8,1,1,1,4,1,2,2,r,2,Int8,1,1,1,1,2,2,2,r,2,Int32,1,1,1,4,2,2,2,r,2,1,2,False,0,127,67.25572967529297,779544,2.7830995268531584,1.3915497634265792,21.66861961003131,2.7742988208491117,1.3871494104245559,21.689972599365785
141,HiFi4,Int8,1,1,1,2,4,2,2,r,2,Int8,1,1,1,4,8,2,2,r,2,Int32,1,1,1,2,8,2,2,r,2,1,8,False,0,127,91.9448013305664,4561763,0.9483075863784906,3.793230345513962,7.412339353654587,0.9481807801062878,3.7927231204251513,7.413049735376433
142,HiFi4,Int8,1,1,1,2,8,2,2,r,2,Int8,1,1,1,8,8,2,2,r,2,Int32,1,1,1,2,8,2,2,r,2,1,16,False,0,127,90.07859802246094,9312543,0.9287271331253377,3.714908532501351,3.6300644049924933,0.928935522767519,3.715742091070076,3.63129340718212
143,HiFi4,Int8,1,1,1,2,4,2,2,r,2,Int8,1,1,1,4,4,2,2,r,2,Int32,1,1,1,2,4,2,2,r,2,1,8,False,0,127,93.0560073852539,2253645,1.9204261503984421,3.8408523007968842,7.503567911074613,1.9192800995720267,3.8385601991440534,7.502640389236104
144,HiFi4,Int8,1,1,1,2,8,2,2,r,2,Int8,1,1,1,8,4,2,2,r,2,Int32,1,1,1,2,4,2,2,r,2,1,16,False,0,127,92.20430755615234,4548924,1.9019665457214234,3.803933091442847,3.7166079030183803,1.9017138998145495,3.803427799629099,3.7169862587284377
145,HiFi4,Int8,1,1,1,2,2,2,2,r,2,Int8,1,1,1,2,8,2,2,r,2,Int32,1,1,1,2,8,2,2,r,2,1,4,False,0,127,92.38213348388672,2270084,0.9532409112373831,3.8129636449495323,14.898245772950881,0.9526907374352667,3.8107629497410667,14.896618803533261
146,HiFi4,Int8,1,1,1,2,2,2,2,r,2,Int8,1,1,1,2,4,2,2,r,2,Int32,1,1,1,2,4,2,2,r,2,1,4,False,0,127,90.8997573852539,1153552,1.876976986871259,3.753953973742518,14.66128672817415,1.8748075509383193,3.7496151018766386,14.65758630733595
148,HiFi4,Int8,1,1,1,4,8,2,2,r,2,Int8,1,1,1,8,4,2,2,r,2,Int32,1,1,1,4,4,2,2,r,2,2,8,False,0,127,78.34735870361328,10706944,1.6159299751025893,1.6159299751025893,3.1581014936994,1.6159143075745983,1.6159143075745983,3.1583779648048966
149,HiFi4,Int8,1,1,1,8,8,2,2,r,2,Int8,1,1,1,8,2,2,2,r,2,Int32,1,1,1,8,2,2,2,r,2,2,8,False,0,127,75.22655487060547,11151127,3.1021314221908107,0.7755328555477027,3.0313767209520104,3.1030951400696987,0.7757737850174247,3.03257025052266
155,HiFi4,Int8,1,1,1,4,8,2,2,r,2,Int8,1,1,1,8,2,2,2,r,2,Int32,1,1,1,4,2,2,2,r,2,2,8,False,0,127,76.9720458984375,5449126,3.175104530770315,1.5875522653851575,3.1024380934204876,3.1750970706127917,1.5875485353063958,3.10293577355341
156,HiFi4,Int8,1,1,1,2,8,2,2,r,2,Int8,1,1,1,8,8,2,2,r,2,Int32,1,1,1,2,8,2,2,r,2,2,8,False,0,127,77.77592468261719,10785610,0.8020126263824939,3.2080505055299757,3.1349050471561797,0.8020642318793281,3.2082569275173123,3.1353419973464645
157,HiFi4,Int8,1,1,1,2,8,2,2,r,2,Int8,1,1,1,8,2,2,2,r,2,Int32,1,1,1,2,2,2,2,r,2,2,8,False,0,127,77.84880828857422,2693878,3.212515953723908,3.212515953723908,3.1384470327647427,3.2112634647894227,3.2112634647894227,3.1382802042260267
158,HiFi4,Int8,1,1,1,2,8,2,2,r,2,Int8,1,1,1,8,4,2,2,r,2,Int32,1,1,1,2,4,2,2,r,2,2,8,False,0,127,78.53697204589844,5340547,1.620086795541234,3.240173591082468,3.1659745422779015,1.6198250853330192,3.2396501706660383,3.1660217576963556
159,HiFi4,Int8,1,1,1,2,16,2,2,r,2,Int8,1,1,1,16,4,2,2,r,2,Int32,1,1,1,2,4,2,2,r,2,2,16,False,0,127,84.42166137695312,9936559,1.74108822882681,3.48217645765362,1.7013691219845184,1.7411967261503705,3.482393452300741,1.7016240732833168
160,HiFi4,Int8,1,1,1,2,16,2,2,r,2,Int8,1,1,1,16,2,2,2,r,2,Int32,1,1,1,2,2,2,2,r,2,2,16,False,0,127,83.5206298828125,5021878,3.4452539274644343,3.4452539274644343,1.6831601632574436,3.445225869684608,3.445225869684608,1.6834626408686153
161,HiFi4,Int8,1,1,1,4,4,2,2,r,2,Int8,1,1,1,4,2,2,2,r,2,Int32,1,1,1,4,2,2,2,r,2,2,4,False,0,127,67.24955749511719,3118462,2.77457616051173,1.387288080255865,5.422058956136317,2.7740443846998937,1.3870221923499468,5.421995842822519
162,HiFi4,Int8,1,1,1,8,4,2,2,r,2,Int8,1,1,1,4,2,2,2,r,2,Int32,1,1,1,8,2,2,2,r,2,2,4,False,0,127,66.64006042480469,6293968,2.748742826243495,0.6871857065608737,5.372126456795561,2.7489024411944896,0.6872256102986224,5.372854771425594
163,HiFi4,Int8,1,1,1,4,2,2,2,r,2,Int8,1,1,1,2,2,2,2,r,2,Int32,1,1,1,4,2,2,2,r,2,2,2,False,0,127,52.957313537597656,1980040,2.1851019847048403,1.0925509923524201,8.540805604203152,2.1844892022383386,1.0922446011191693,8.539366881477141
164,HiFi4,Int8,1,1,1,8,2,2,2,r,2,Int8,1,1,1,2,2,2,2,r,2,Int32,1,1,1,8,2,2,2,r,2,2,2,False,0,127,53.355289459228516,3930542,2.201188767412273,0.5502971918530682,8.60415493456178,2.20090562573813,0.5502264064345325,8.603540173339962
168,HiFi4,Int8,1,1,1,2,4,2,2,r,2,Int8,1,1,1,4,8,2,2,r,2,Int32,1,1,1,2,8,2,2,r,2,2,4,False,0,127,67.80165100097656,6186138,0.6992490979105546,2.7969963916422182,5.466513669467723,0.6992045764255501,2.7968183057022005,5.466508506599756
169,HiFi4,Int8,1,1,1,2,4,2,2,r,2,Int8,1,1,1,4,4,2,2,r,2,Int32,1,1,1,2,4,2,2,r,2,2,4,False,0,127,68.08895111083984,3080018,1.4047549607353877,2.8095099214707755,5.490412669695697,1.4043346499923053,2.8086692999846106,5.489671813606284
173,HiFi4,Int8,1,1,1,2,4,2,2,r,2,Int8,1,1,1,4,2,2,2,r,2,Int32,1,1,1,2,2,2,2,r,2,2,4,False,0,127,66.66400146484375,1572927,2.7512023252862052,2.7512023252862052,5.375520130733614,2.749889855028237,2.749889855028237,5.3747847166461
176,HiFi4,Int8,1,1,1,2,2,2,2,r,2,Int8,1,1,1,2,4,2,2,r,2,Int32,1,1,1,2,4,2,2,r,2,2,2,False,0,127,53.07243347167969,1975745,1.0949102658042604,2.189820531608521,8.559172459534954,1.0946189918233376,2.189237983646675,8.55793029970973
177,HiFi4,Int8,1,1,1,2,2,2,2,r,2,Int8,1,1,1,2,8,2,2,r,2,Int32,1,1,1,2,8,2,2,r,2,2,2,False,0,127,53.63041687011719,3910378,0.5531600720982318,2.2126402883929273,8.648763237402894,0.5530636680136806,2.2122546720547223,8.647904627123005
178,HiFi4,Int8,1,1,1,2,32,2,2,r,2,Int8,1,1,1,32,2,2,2,r,2,Int32,1,1,1,2,2,2,2,r,2,32,2,False,0,127,38.58265686035156,21741913,1.5915566632591245,1.5915566632591245,0.3888431839068604,1.5915346547472617,1.5915346547472617,0.3888408531484787
179,HiFi4,Int8,1,1,1,2,2,2,2,r,2,Int8,1,1,1,2,2,2,2,r,2,Int32,1,1,1,2,2,2,2,r,2,2,2,False,0,127,51.678531646728516,1014518,2.132813827857487,2.132813827857487,8.33556526768306,2.131739407285036,2.131739407285036,8.333163137568777
