Test-ID,Unary-Type,math_fidelity,input0_df,input0_t,input0_grid_size_r,input0_grid_size_c,input0_mb_r,input0_mb_c,input0_ub_r,input0_ub_c,input0_ublock_order,input0_buf_size_mb,output_df,output_t,output_grid_size_r,output_grid_size_c,output_mb_r,output_mb_c,output_ub_r,output_ub_c,output_ublock_order,output_buf_size_mb,first-input-idx-recorded,last-input-idx-recorded,average-math-utilization,total-runtime,input0-bw,input1-bw,output-bw,input0-bw-across-cores-total-runtime,input1-bw-across-cores-total-runtime,output-bw-across-cores-total-runtime
0,sigmoid,HiFi4,Float16_b,1,1,1,4,2,1,8,r,2,Float16_b,1,1,1,4,2,1,8,r,2,0,127,49.668006896972656,2243118,7.60107724609858,N/A,7.597910581780644,7.596283387677332,N/A,7.596283387677332
1,sigmoid,LoFi,Bfp8_b,1,1,1,2,2,1,1,r,2,Bfp8_b,1,1,1,2,2,1,1,r,2,0,127,38.53266906738281,180709,3.197949571141113,N/A,3.175389835805735,3.173278586013978,N/A,3.173278586013978
2,sigmoid,LoFi,Bfp8_b,1,1,1,4,2,4,1,r,2,Bfp8_b,1,1,1,4,2,4,1,r,2,0,127,50.216983795166016,1109298,4.1397312077823685,N/A,4.136375491524468,4.1355163355563604,N/A,4.1355163355563604
3,sigmoid,HiFi4,Float16_b,1,1,1,4,2,4,1,r,2,Float16_b,1,1,1,4,2,4,1,r,2,0,127,49.487937927246094,1125640,7.577039914021134,N/A,7.570830549430472,7.568743115027895,N/A,7.568743115027895
4,sigmoid,HiFi4,Float16_b,1,1,1,4,2,4,2,r,2,Float16_b,1,1,1,4,2,4,2,r,2,0,127,49.66789627075195,2243123,7.601060158843986,N/A,7.597910581780644,7.596266455294694,N/A,7.596266455294694
5,sigmoid,HiFi4,Float16_b,1,1,1,4,7,4,1,r,2,Float16_b,1,1,1,4,7,4,1,r,2,0,127,49.50028610229492,3938757,7.573002911362402,N/A,7.571212221248073,7.570632054731988,N/A,7.570632054731988
6,sigmoid,HiFi4,Float16_b,1,1,1,4,4,4,1,r,2,Float16_b,1,1,1,4,4,4,1,r,2,0,127,49.503108978271484,2250590,7.575189612288964,N/A,7.5721326542129415,7.571063587770318,N/A,7.571063587770318
7,sigmoid,LoFi,Bfp8_b,1,1,1,4,4,4,1,r,2,Bfp8_b,1,1,1,4,4,4,1,r,2,0,127,50.357826232910156,2212391,4.1493052706809825,N/A,4.147603843181852,4.1471150443117875,N/A,4.1471150443117875
8,sigmoid,LoFi,Bfp8_b,1,1,1,4,7,4,1,r,2,Bfp8_b,1,1,1,4,7,4,1,r,2,0,127,50.36088943481445,3871449,4.148623451839043,N/A,4.147658915164623,4.147367045258765,N/A,4.147367045258765
9,sigmoid,LoFi,Bfp8_b,1,1,1,2,7,4,1,r,2,Bfp8_b,1,1,1,2,7,4,1,r,2,0,127,50.35702133178711,1935873,4.149531152323401,N/A,4.147640557674533,4.147048902484822,N/A,4.147048902484822
10,sigmoid,LoFi,Bfp8_b,1,1,1,7,7,4,1,r,2,Bfp8_b,1,1,1,7,7,4,1,r,2,0,127,50.36271667480469,6774789,4.148236410598484,N/A,4.14768591176878,4.147518099825692,N/A,4.147518099825692
11,sigmoid,HiFi4,Float16_b,1,1,1,2,7,4,1,r,2,Float16_b,1,1,1,2,7,4,1,r,2,0,127,49.49951934814453,1969409,7.575275438538095,N/A,7.57156486596047,7.570514809265115,N/A,7.570514809265115
12,sigmoid,HiFi4,Float16_b,1,1,1,2,2,4,1,r,2,Float16_b,1,1,1,2,2,4,1,r,2,0,127,48.18681716918945,578017,7.3838886239240535,N/A,7.372348460401989,7.369748640610917,N/A,7.369748640610917
13,sigmoid,HiFi4,Float16_b,1,1,1,7,2,4,1,r,2,Float16_b,1,1,1,7,2,4,1,r,2,0,127,49.494117736816406,1969624,7.574445381460095,N/A,7.570754994598152,7.569688427842065,N/A,7.569688427842065
14,sigmoid,HiFi4,Float16_b,1,1,1,7,4,4,1,r,2,Float16_b,1,1,1,7,4,4,1,r,2,0,127,49.50325012207031,3938521,7.573487551042977,N/A,7.571622997363514,7.571085694350748,N/A,7.571085694350748
15,sigmoid,HiFi4,Float16_b,1,1,1,2,4,4,1,r,2,Float16_b,1,1,1,2,4,4,1,r,2,0,127,49.49787139892578,1125414,7.578554778554778,N/A,7.572309015336105,7.570263032093079,N/A,7.570263032093079
16,sigmoid,LoFi,Bfp8_b,1,1,1,7,4,4,1,r,2,Bfp8_b,1,1,1,7,4,4,1,r,2,0,127,50.36137771606445,3871411,4.148652621748937,N/A,4.1476869916402554,4.147407753917112,N/A,4.147407753917112
17,sigmoid,LoFi,Bfp8_b,1,1,1,7,2,4,1,r,2,Bfp8_b,1,1,1,7,2,4,1,r,2,0,127,50.35722732543945,1935865,4.149565739243503,N/A,4.147640557674533,4.147066040245575,N/A,4.147066040245575
18,sigmoid,LoFi,Bfp8_b,1,1,1,2,4,4,1,r,2,Bfp8_b,1,1,1,2,4,4,1,r,2,0,127,50.350337982177734,1106360,4.150811252480448,N/A,4.147528256567077,4.146498427275028,N/A,4.146498427275028
19,sigmoid,LoFi,Bfp8_b,1,1,1,2,2,4,1,r,2,Bfp8_b,1,1,1,2,2,4,1,r,2,0,127,49.1708869934082,566449,4.056893192461064,N/A,4.050459891220776,4.049367198106096,N/A,4.049367198106096
20,sigmoid,HiFi4,Float16_b,1,1,1,2,4,4,2,r,2,Float16_b,1,1,1,2,4,4,2,r,2,0,127,49.67369842529297,2242861,7.601846252076808,N/A,7.598699438982492,7.597153813811913,N/A,7.597153813811913
21,sigmoid,HiFi4,Float16_b,1,1,1,2,7,4,2,r,2,Float16_b,1,1,1,2,7,4,2,r,2,0,127,49.673011779785156,3925061,7.599742718755844,N/A,7.598003753042895,7.597048810196835,N/A,7.597048810196835
22,sigmoid,LoFi,Bfp8_b,1,1,1,2,4,4,2,r,2,Bfp8_b,1,1,1,2,4,4,2,r,2,0,127,50.54447555541992,2204221,4.1648202582608,N/A,4.1631536825738005,4.162486429446049,N/A,4.162486429446049
23,sigmoid,LoFi,Bfp8_b,1,1,1,2,7,4,2,r,2,Bfp8_b,1,1,1,2,7,4,2,r,2,0,127,50.5481071472168,3857110,4.164119453701889,N/A,4.163177073424666,4.162785090391511,N/A,4.162785090391511
24,sigmoid,LoFi,Bfp8_b,1,1,1,7,4,4,2,r,2,Bfp8_b,1,1,1,7,4,4,2,r,2,0,127,50.55084228515625,7713802,4.163686841659921,N/A,4.163215696102565,4.163010665816935,N/A,4.163010665816935
25,sigmoid,LoFi,Bfp8_b,1,1,1,4,4,4,2,r,2,Bfp8_b,1,1,1,4,4,4,2,r,2,0,127,50.54852294921875,4408089,4.16400775500337,N/A,4.163167009886845,4.162819761579224,N/A,4.162819761579224
26,sigmoid,LoFi,Bfp8_b,1,1,1,4,7,4,2,r,2,Bfp8_b,1,1,1,4,7,4,2,r,2,0,127,50.55103302001953,7713773,4.163704253238552,N/A,4.1632195040110265,4.1630263166935295,N/A,4.1630263166935295
27,sigmoid,HiFi4,Float16_b,1,1,1,4,4,4,2,r,2,Float16_b,1,1,1,4,4,4,2,r,2,0,127,49.67438507080078,4485660,7.599608022943245,N/A,7.598122293606226,7.597258820329673,N/A,7.597258820329673
28,sigmoid,HiFi4,Float16_b,1,1,1,7,2,4,2,r,2,Float16_b,1,1,1,7,2,4,2,r,2,0,127,49.673492431640625,3925023,7.5998286142309786,N/A,7.598046680885543,7.597122360811643,N/A,7.597122360811643
29,sigmoid,LoFi,Bfp8_b,1,1,1,7,2,4,2,r,2,Bfp8_b,1,1,1,7,2,4,2,r,2,0,127,50.548370361328125,3857090,4.1641608150326,N/A,4.1631999205560035,4.162806675498887,N/A,4.162806675498887
30,sigmoid,LoFi,Bfp8_b,1,1,1,4,2,4,2,r,2,Bfp8_b,1,1,1,4,2,4,2,r,2,0,127,50.5441780090332,2204234,4.164816447423502,N/A,4.163170817706244,4.162461880181505,N/A,4.162461880181505
31,sigmoid,LoFi,Bfp8_b,1,1,1,2,2,4,2,r,2,Bfp8_b,1,1,1,2,2,4,2,r,2,0,127,50.534183502197266,1102335,4.16638519621008,N/A,4.162959494263639,4.161638703297999,N/A,4.161638703297999
32,sigmoid,HiFi4,Float16_b,1,1,1,2,2,4,2,r,2,Float16_b,1,1,1,2,2,4,2,r,2,0,127,49.65866470336914,1121770,7.6043457413839475,N/A,7.598105219634527,7.594854560203963,N/A,7.594854560203963
33,sigmoid,HiFi4,Float16_b,1,1,1,4,7,2,1,r,2,Float16_b,1,1,1,4,7,2,1,r,2,0,127,49.17409896850586,1982442,7.525095163995428,N/A,7.5215100617565795,7.520744616992578,N/A,7.520744616992578
34,sigmoid,HiFi4,Float16_b,1,1,1,4,7,1,1,r,2,Float16_b,1,1,1,4,7,1,1,r,2,0,127,43.27299499511719,1126393,6.627777150527518,N/A,6.621956143578615,6.618222947053115,N/A,6.618222947053115
35,sigmoid,HiFi4,Float16_b,1,1,1,7,7,2,1,r,2,Float16_b,1,1,1,7,7,2,1,r,2,0,127,49.17936706542969,3468902,7.524040431754122,N/A,7.522015999590886,7.521550046671829,N/A,7.521550046671829
36,sigmoid,LoFi,Bfp8_b,1,1,1,7,7,2,1,r,2,Bfp8_b,1,1,1,7,7,2,1,r,2,0,127,49.98369598388672,3413081,4.117608136721113,N/A,4.11650524429524,4.116304301011315,N/A,4.116304301011315
37,sigmoid,LoFi,Bfp8_b,1,1,1,7,7,2,2,r,2,Bfp8_b,1,1,1,7,7,2,2,r,2,0,127,50.36270523071289,6774791,4.148227152123168,N/A,4.1476766557506215,4.147516875428334,N/A,4.147516875428334
38,sigmoid,LoFi,Bfp8_b,1,1,1,7,2,8,1,r,2,Bfp8_b,1,1,1,7,2,8,1,r,2,0,127,50.548118591308594,3857109,4.164132515085978,N/A,4.16317163366845,4.162786169641564,N/A,4.162786169641564
39,sigmoid,LoFi,Bfp8_b,1,1,1,7,4,8,1,r,2,Bfp8_b,1,1,1,7,4,8,1,r,2,0,127,50.551151275634766,7713755,4.1637020767832595,N/A,4.163233647732012,4.163036031089916,N/A,4.163036031089916
40,sigmoid,HiFi4,Float16_b,1,1,1,7,2,8,1,r,2,Float16_b,1,1,1,7,2,8,1,r,2,0,127,49.674190521240234,3924968,7.59995355657005,N/A,7.598177418667231,7.597228818171256,N/A,7.597228818171256
41,sigmoid,HiFi4,Float16_b,1,1,1,7,4,1,1,r,2,Float16_b,1,1,1,7,4,1,1,r,2,0,127,43.3170280456543,1125248,6.634727079788269,N/A,6.628644352754347,6.62495734273689,N/A,6.62495734273689
42,sigmoid,HiFi4,Float16_b,1,1,1,7,2,1,1,r,2,Float16_b,1,1,1,7,2,1,1,r,2,0,127,42.95975875854492,567303,6.58802404169888,N/A,6.574052841431266,6.570316039224189,N/A,6.570316039224189
43,sigmoid,LoFi,Bfp8_b,1,1,1,7,4,1,1,r,2,Bfp8_b,1,1,1,7,4,1,1,r,2,0,127,43.80642318725586,1112677,3.6127917967623193,N/A,3.6094161361216215,3.607587826476147,N/A,3.607587826476147
44,sigmoid,LoFi,Bfp8_b,1,1,1,7,2,1,1,r,2,Bfp8_b,1,1,1,7,2,1,1,r,2,0,127,43.321956634521484,562560,3.5775226316895754,N/A,3.5699802978449537,3.5676905574516495,N/A,3.5676905574516495
45,sigmoid,HiFi4,Float16_b,1,1,1,7,4,2,1,r,2,Float16_b,1,1,1,7,4,2,1,r,2,0,127,49.17638397216797,1982350,7.5254511823633425,N/A,7.521869565659545,7.521093651474261,N/A,7.521093651474261
46,sigmoid,LoFi,Bfp8_b,1,1,1,7,4,2,1,r,2,Bfp8_b,1,1,1,7,4,2,1,r,2,0,127,49.98097610473633,1950438,4.118387935366855,N/A,4.116423493273262,4.116080593179583,N/A,4.116080593179583
47,sigmoid,HiFi4,Float16_b,1,1,1,7,2,2,1,r,2,Float16_b,1,1,1,7,2,2,1,r,2,0,127,49.03158950805664,994102,7.507424722549842,N/A,7.500405620274524,7.498948800022533,N/A,7.498948800022533
48,sigmoid,LoFi,Bfp8_b,1,1,1,7,2,2,1,r,2,Bfp8_b,1,1,1,7,2,2,1,r,2,0,127,49.65840148925781,981554,4.093885363151002,N/A,4.090000718855582,4.089515197329948,N/A,4.089515197329948
49,sigmoid,HiFi4,Float16_b,1,1,1,7,7,1,1,r,2,Float16_b,1,1,1,7,7,1,1,r,2,0,127,43.377803802490234,1966425,6.640103870893937,N/A,6.637982405847076,6.63425251408012,N/A,6.63425251408012
50,sigmoid,LoFi,Bfp8_b,1,1,1,7,7,1,1,r,2,Bfp8_b,1,1,1,7,7,1,1,r,2,0,127,44.084983825683594,1934881,3.633698105928293,N/A,3.632554226989817,3.6305281823533333,N/A,3.6305281823533333
51,sigmoid,HiFi4,Float16_b,1,1,1,7,2,2,2,r,2,Float16_b,1,1,1,7,2,2,2,r,2,0,127,49.4962043762207,1969541,7.574767297890448,N/A,7.571142471240278,7.5700074281266545,N/A,7.5700074281266545
52,sigmoid,HiFi4,Float16_b,1,1,1,7,2,2,4,r,2,Float16_b,1,1,1,7,2,2,4,r,2,0,127,49.671695709228516,3925165,7.599604118787995,N/A,7.597779365396497,7.596847521059624,N/A,7.596847521059624
53,sigmoid,HiFi4,Float16_b,1,1,1,7,4,2,2,r,2,Float16_b,1,1,1,7,4,2,2,r,2,0,127,49.50162887573242,3938650,7.573218083724397,N/A,7.571382726677617,7.570837723585493,N/A,7.570837723585493
54,sigmoid,HiFi4,Float16_b,1,1,1,7,4,1,2,r,2,Float16_b,1,1,1,7,4,1,2,r,2,0,127,49.1771240234375,1982320,7.525589004969253,N/A,7.522045505625405,7.521207474070786,N/A,7.521207474070786
55,sigmoid,HiFi4,Float16_b,1,1,1,7,4,1,4,r,2,Float16_b,1,1,1,7,4,1,4,r,2,0,127,49.49920654296875,3938843,7.57284977811997,N/A,7.571049473228977,7.570466758893411,N/A,7.570466758893411
56,sigmoid,LoFi,Bfp8_b,1,1,1,7,4,1,4,r,2,Bfp8_b,1,1,1,7,4,1,4,r,2,0,127,50.36079406738281,3871456,4.1486137286269,N/A,4.147635158443668,4.14735954638255,N/A,4.14735954638255
57,sigmoid,LoFi,Bfp8_b,1,1,1,7,4,2,4,r,2,Bfp8_b,1,1,1,7,4,2,4,r,2,0,127,50.550758361816406,7713815,4.163680856463398,N/A,4.16319556870213,4.163003649944937,N/A,4.163003649944937
58,sigmoid,LoFi,Bfp8_b,1,1,1,7,4,1,8,r,2,Bfp8_b,1,1,1,7,4,1,8,r,2,0,127,50.55105209350586,7713770,4.163698812104586,N/A,4.163233103740967,4.163027935756446,N/A,4.163027935756446
59,sigmoid,LoFi,Bfp8_b,1,1,1,7,7,1,4,r,2,Bfp8_b,1,1,1,7,7,1,4,r,2,0,127,50.362579345703125,6774808,4.148219128144657,N/A,4.147664314457339,4.147506468079981,N/A,4.147506468079981
60,sigmoid,HiFi4,Float16_b,1,1,1,2,7,2,4,r,2,Float16_b,1,1,1,2,7,2,4,r,2,0,127,49.673580169677734,3925016,7.599834470811352,N/A,7.598073998856151,7.597135909764444,N/A,7.597135909764444
61,sigmoid,LoFi,Bfp8_b,1,1,1,4,7,2,4,r,2,Bfp8_b,1,1,1,4,7,2,4,r,2,0,127,50.55085372924805,7713800,4.163680312355477,N/A,4.163203728435606,4.163011745183956,N/A,4.163011745183956
62,sigmoid,LoFi,Bfp8_b,1,1,1,2,7,2,4,r,2,Bfp8_b,1,1,1,2,7,2,4,r,2,0,127,50.54856491088867,3857075,4.16417169972988,N/A,4.163206448353874,4.162822864476319,N/A,4.162822864476319
63,sigmoid,LoFi,Bfp8_b,1,1,1,4,2,2,4,r,2,Bfp8_b,1,1,1,4,2,2,4,r,2,0,127,50.54429244995117,2204229,4.164824069105072,N/A,4.163170817706244,4.1624713221720615,N/A,4.1624713221720615
64,sigmoid,LoFi,Bfp8_b,1,1,1,2,2,2,4,r,2,Bfp8_b,1,1,1,2,2,2,4,r,2,0,127,50.53441619873047,1102330,4.166392823634408,N/A,4.16297091660394,4.161657579853583,N/A,4.161657579853583
65,sigmoid,LoFi,Bfp8_b,1,1,1,2,4,2,4,r,2,Bfp8_b,1,1,1,2,4,2,4,r,2,0,127,50.54429244995117,2204229,4.164827879956317,N/A,4.163130835949954,4.1624713221720615,N/A,4.1624713221720615
66,sigmoid,LoFi,Bfp8_b,1,1,1,4,4,2,4,r,2,Bfp8_b,1,1,1,4,4,2,4,r,2,0,127,50.54877853393555,4408067,4.164016326067596,N/A,4.163187952979742,4.16284053758711,N/A,4.16284053758711
67,sigmoid,LoFi,Bfp8_b,1,1,1,7,2,2,4,r,2,Bfp8_b,1,1,1,7,2,2,4,r,2,0,127,50.548248291015625,3857099,4.164166257374127,N/A,4.163189040938377,4.162796962172866,N/A,4.162796962172866
68,sigmoid,LoFi,Bfp8_b,1,1,1,4,2,1,4,r,2,Bfp8_b,1,1,1,4,2,1,4,r,2,0,127,50.35002136230469,1106367,4.150852890617519,N/A,4.1475131395747225,4.146472192319547,N/A,4.146472192319547
69,sigmoid,LoFi,Bfp8_b,1,1,1,2,2,1,4,r,2,Bfp8_b,1,1,1,2,2,1,4,r,2,0,127,50.181610107421875,555040,4.141286764237584,N/A,4.134545685763337,4.13260305563563,N/A,4.13260305563563
70,sigmoid,LoFi,Bfp8_b,1,1,1,2,4,1,4,r,2,Bfp8_b,1,1,1,2,4,1,4,r,2,0,127,50.163848876953125,1110473,4.135357063035921,N/A,4.131985925568188,4.131140513997188,N/A,4.131140513997188
71,sigmoid,LoFi,Bfp8_b,1,1,1,4,4,1,4,r,2,Bfp8_b,1,1,1,4,4,1,4,r,2,0,127,50.3577995300293,2212392,4.149284467029694,N/A,4.147596284396396,4.147113169818007,N/A,4.147113169818007
72,sigmoid,LoFi,Bfp8_b,1,1,1,4,7,1,4,r,2,Bfp8_b,1,1,1,4,7,1,4,r,2,0,127,50.36015319824219,3871505,4.1485769969034525,N/A,4.1475844063606315,4.147307055008324,N/A,4.147307055008324
73,sigmoid,LoFi,Bfp8_b,1,1,1,2,7,1,4,r,2,Bfp8_b,1,1,1,2,7,1,4,r,2,0,127,50.356346130371094,1935899,4.149487919484065,N/A,4.147549852461602,4.146993205740589,N/A,4.146993205740589
74,sigmoid,LoFi,Bfp8_b,1,1,1,7,2,1,4,r,2,Bfp8_b,1,1,1,7,2,1,4,r,2,0,127,50.35725784301758,1935864,4.14954628403,N/A,4.14762975922686,4.147068182475628,N/A,4.147068182475628
75,sigmoid,LoFi,Bfp8_b,1,1,1,7,4,1,2,r,2,Bfp8_b,1,1,1,7,4,1,2,r,2,0,127,49.9823112487793,1950386,4.118485887273987,N/A,4.116538371098484,4.116190333605758,N/A,4.116190333605758
76,sigmoid,LoFi,Bfp8_b,1,1,1,7,2,1,2,r,2,Bfp8_b,1,1,1,7,2,1,2,r,2,0,127,49.975341796875,975329,4.120185881759007,N/A,4.116327766649923,4.115616371501309,N/A,4.115616371501309
77,sigmoid,LoFi,Bfp8_b,1,1,1,7,7,1,2,r,2,Bfp8_b,1,1,1,7,7,1,2,r,2,0,127,49.98381042480469,3413073,4.117637328228941,N/A,4.116508891256636,4.116313949335393,N/A,4.116313949335393
78,sigmoid,LoFi,Bfp8_b,1,1,1,7,2,1,8,r,2,Bfp8_b,1,1,1,7,2,1,8,r,2,0,127,50.548301696777344,3857095,4.1641608150326,N/A,4.16320536038614,4.162801279201057,N/A,4.162801279201057
79,sigmoid,LoFi,Bfp8_b,1,1,1,2,4,1,1,r,2,Bfp8_b,1,1,1,2,4,1,1,r,2,0,127,41.33382797241211,336925,3.417803261258068,N/A,3.4063341914626113,3.4039623061512208,N/A,3.4039623061512208
80,sigmoid,LoFi,Bfp8_b,1,1,1,4,4,1,1,r,2,Bfp8_b,1,1,1,4,4,1,1,r,2,0,127,43.778358459472656,636223,3.614194173369647,N/A,3.608149028933809,3.6052767661653227,N/A,3.6052767661653227
81,sigmoid,LoFi,Bfp8_b,1,1,1,4,4,1,2,r,2,Bfp8_b,1,1,1,4,4,1,2,r,2,0,127,49.976585388183594,1114634,4.119704287255534,N/A,4.116321385033334,4.1157187022825426,N/A,4.1157187022825426
82,sigmoid,LoFi,Bfp8_b,1,1,1,2,4,1,2,r,2,Bfp8_b,1,1,1,2,4,1,2,r,2,0,127,49.39122772216797,563922,4.075002506768274,N/A,4.068351683318407,4.067512882987364,N/A,4.067512882987364
83,sigmoid,LoFi,Bfp8_b,1,1,1,2,4,1,8,r,2,Bfp8_b,1,1,1,2,4,1,8,r,2,0,127,50.54466247558594,2204213,4.164833596246262,N/A,4.163191760837453,4.162501536829699,N/A,4.162501536829699
84,sigmoid,LoFi,Bfp8_b,1,1,1,4,4,1,8,r,2,Bfp8_b,1,1,1,4,4,1,8,r,2,0,127,50.548980712890625,4408049,4.164029658904304,N/A,4.163210800230493,4.162857536293267,N/A,4.162857536293267
85,sigmoid,LoFi,Bfp8_b,1,1,1,4,7,1,2,r,2,Bfp8_b,1,1,1,4,7,1,2,r,2,0,127,49.98167037963867,1950411,4.11842839319848,N/A,4.116478804018371,4.116137573055115,N/A,4.116137573055115
86,sigmoid,LoFi,Bfp8_b,1,1,1,4,2,1,2,r,2,Bfp8_b,1,1,1,4,2,1,2,r,2,0,127,49.71583557128906,560240,4.102016906688776,N/A,4.095270314040783,4.094245323432815,N/A,4.094245323432815
87,sigmoid,LoFi,Bfp8_b,1,1,1,4,2,1,1,r,2,Bfp8_b,1,1,1,4,2,1,1,r,2,0,127,43.53945541381836,319857,3.60230082276257,N/A,3.5895057931378207,3.585602316034978,N/A,3.585602316034978
88,sigmoid,LoFi,Bfp8_b,1,1,1,4,2,1,8,r,2,Bfp8_b,1,1,1,4,2,1,8,r,2,0,127,50.54463577270508,2204214,4.164835501679731,N/A,4.1631860490534995,4.162499648400745,N/A,4.162499648400745
89,sigmoid,LoFi,Bfp8_b,1,1,1,4,7,1,8,r,2,Bfp8_b,1,1,1,4,7,1,8,r,2,0,127,50.55069351196289,7713825,4.163668886121975,N/A,4.1631939367592725,4.162998253136414,N/A,4.162998253136414
90,sigmoid,LoFi,Bfp8_b,1,1,1,2,7,1,8,r,2,Bfp8_b,1,1,1,2,7,1,8,r,2,0,127,50.54814147949219,3857107,4.164151018853701,N/A,4.163180337285218,4.162788328143347,N/A,4.162788328143347
91,sigmoid,LoFi,Bfp8_b,1,1,1,2,7,1,1,r,2,Bfp8_b,1,1,1,2,7,1,1,r,2,0,127,42.729427337646484,570361,3.527984026843973,N/A,3.521041092014994,3.5188941740406516,N/A,3.5188941740406516
92,sigmoid,LoFi,Bfp8_b,1,1,1,2,7,1,2,r,2,Bfp8_b,1,1,1,2,7,1,2,r,2,0,127,49.974365234375,975348,4.120117684544179,N/A,4.116217154763283,4.115536198362021,N/A,4.115536198362021
93,sigmoid,LoFi,Bfp8_b,1,1,1,4,7,1,1,r,2,Bfp8_b,1,1,1,4,7,1,1,r,2,0,127,43.818511962890625,1112370,3.6136670274841283,N/A,3.6104501005793623,3.6085834749229124,N/A,3.6085834749229124
94,sigmoid,LoFi,Bfp8_b,1,1,1,2,2,1,8,r,2,Bfp8_b,1,1,1,2,2,1,8,r,2,0,127,50.53569793701172,1102302,4.166446216386672,N/A,4.163119412732065,4.16176329172949,N/A,4.16176329172949
95,sigmoid,LoFi,Bfp8_b,1,1,1,2,2,1,2,r,2,Bfp8_b,1,1,1,2,2,1,2,r,2,0,127,48.09504318237305,289560,3.9746276580881323,N/A,3.961910067371133,3.960768061887001,N/A,3.960768061887001
96,sigmoid,LoFi,Bfp8_b,1,1,1,2,4,2,1,r,2,Bfp8_b,1,1,1,2,4,2,1,r,2,0,127,49.96501922607422,557446,4.122793987109023,N/A,4.116053375003165,4.114766273325129,N/A,4.114766273325129
97,sigmoid,LoFi,Bfp8_b,1,1,1,2,2,2,1,r,2,Bfp8_b,1,1,1,2,2,2,1,r,2,0,127,48.2531852722168,288611,3.987664704233249,N/A,3.9749747616768727,3.9737917127205824,N/A,3.9737917127205824
98,sigmoid,LoFi,Bfp8_b,1,1,1,2,2,8,1,r,2,Bfp8_b,1,1,1,2,2,8,1,r,2,0,127,50.53445816040039,1102329,4.166366127771441,N/A,4.163024221687479,4.161661355185249,N/A,4.161661355185249
99,sigmoid,LoFi,Bfp8_b,1,1,1,2,4,8,1,r,2,Bfp8_b,1,1,1,2,4,8,1,r,2,0,127,50.54454803466797,2204218,4.164865988852344,N/A,4.163178433365941,4.162492094702067,N/A,4.162492094702067
100,sigmoid,LoFi,Bfp8_b,1,1,1,2,7,8,1,r,2,Bfp8_b,1,1,1,2,7,8,1,r,2,0,127,50.54813003540039,3857108,4.164128161282178,N/A,4.16317163366845,4.162787248892175,N/A,4.162787248892175
101,sigmoid,LoFi,Bfp8_b,1,1,1,2,7,2,1,r,2,Bfp8_b,1,1,1,2,7,2,1,r,2,0,127,49.97529220581055,975330,4.120194406569602,N/A,4.116315003436533,4.115612151784524,N/A,4.115612151784524
102,sigmoid,LoFi,Bfp8_b,1,1,1,4,4,2,1,r,2,Bfp8_b,1,1,1,4,4,2,1,r,2,0,127,49.9755973815918,1114656,4.119618528363739,N/A,4.116258101739856,4.115637470215026,N/A,4.115637470215026
103,sigmoid,LoFi,Bfp8_b,1,1,1,4,2,2,1,r,2,Bfp8_b,1,1,1,4,2,2,1,r,2,0,127,49.754112243652344,559809,4.105280057146053,N/A,4.098441546279989,4.09739750522053,N/A,4.09739750522053
104,sigmoid,LoFi,Bfp8_b,1,1,1,4,4,8,1,r,2,Bfp8_b,1,1,1,4,4,8,1,r,2,0,127,50.54913330078125,4408036,4.164042991826394,N/A,4.163214608129998,4.162869813222941,N/A,4.162869813222941
105,sigmoid,LoFi,Bfp8_b,1,1,1,4,2,8,1,r,2,Bfp8_b,1,1,1,4,2,8,1,r,2,0,127,50.54443359375,2204223,4.164810731180631,N/A,4.163161298170806,4.162482652617271,N/A,4.162482652617271
106,sigmoid,LoFi,Bfp8_b,1,1,1,4,7,2,1,r,2,Bfp8_b,1,1,1,4,7,2,1,r,2,0,127,49.98149108886719,1950418,4.118413487589085,N/A,4.1164702945762235,4.1161228003433115,N/A,4.1161228003433115
107,sigmoid,LoFi,Bfp8_b,1,1,1,4,7,8,1,r,2,Bfp8_b,1,1,1,4,7,8,1,r,2,0,127,50.550716400146484,7713821,4.163672150753719,N/A,4.163194480740082,4.163000411858144,N/A,4.163000411858144
108,sigmoid,LoFi,Bfp8_b,1,1,1,4,7,2,2,r,2,Bfp8_b,1,1,1,4,7,2,2,r,2,0,127,50.36123275756836,3871422,4.148626692919886,N/A,4.147670793627155,4.147395969749616,N/A,4.147395969749616
109,sigmoid,LoFi,Bfp8_b,1,1,1,2,7,2,2,r,2,Bfp8_b,1,1,1,2,7,2,2,r,2,0,127,50.35720443725586,1935866,4.149535475656882,N/A,4.1476427173708155,4.147063898017735,N/A,4.147063898017735
110,sigmoid,LoFi,Bfp8_b,1,1,1,7,2,2,2,r,2,Bfp8_b,1,1,1,7,2,2,2,r,2,0,127,50.356971740722656,1935875,4.149518182377008,N/A,4.1475844063606315,4.147044618066766,N/A,4.147044618066766
111,sigmoid,LoFi,Bfp8_b,1,1,1,7,4,2,2,r,2,Bfp8_b,1,1,1,7,4,2,2,r,2,0,127,50.36109161376953,3871433,4.148628853643261,N/A,4.1476621547385655,4.147384185649087,N/A,4.147384185649087
112,sigmoid,LoFi,Bfp8_b,1,1,1,4,2,2,2,r,2,Bfp8_b,1,1,1,4,2,2,2,r,2,0,127,50.35029220581055,1106361,4.150830178802832,N/A,4.147460230969273,4.1464946794039195,N/A,4.1464946794039195
113,sigmoid,LoFi,Bfp8_b,1,1,1,4,4,2,2,r,2,Bfp8_b,1,1,1,4,4,2,2,r,2,0,127,50.35814666748047,2212377,4.149318509476782,N/A,4.147626519703523,4.147141287402644,N/A,4.147141287402644
114,sigmoid,LoFi,Bfp8_b,1,1,1,2,4,2,2,r,2,Bfp8_b,1,1,1,2,4,2,2,r,2,0,127,50.35102462768555,1106345,4.150932383926226,N/A,4.147524477308658,4.146554646154681,N/A,4.146554646154681
115,sigmoid,LoFi,Bfp8_b,1,1,1,2,2,2,2,r,2,Bfp8_b,1,1,1,2,2,2,2,r,2,0,127,50.15666580200195,555316,4.139064898407549,N/A,4.132398575711191,4.130549092768802,N/A,4.130549092768802
116,sigmoid,HiFi4,Float16_b,1,1,1,2,2,1,1,r,2,Float16_b,1,1,1,2,2,1,1,r,2,0,127,38.49028396606445,180908,5.933379753374812,N/A,5.89001923130522,5.886749065823513,N/A,5.886749065823513
117,sigmoid,HiFi4,Float16_b,1,1,1,2,2,8,1,r,2,Float16_b,1,1,1,2,2,8,1,r,2,0,127,49.65804672241211,1121784,7.604366263828991,N/A,7.598098390067333,7.594759775500453,N/A,7.594759775500453
118,sigmoid,HiFi4,Float16_b,1,1,1,2,4,8,1,r,2,Float16_b,1,1,1,2,4,8,1,r,2,0,127,49.670597076416016,2243001,7.60147027415892,N/A,7.598429638219028,7.596679626981887,N/A,7.596679626981887
119,sigmoid,HiFi4,Float16_b,1,1,1,2,4,1,1,r,2,Float16_b,1,1,1,2,4,1,1,r,2,0,127,41.97847366333008,331751,6.449159706179448,N/A,6.424046400214005,6.420236864395284,N/A,6.420236864395284
120,sigmoid,HiFi4,Float16_b,1,1,1,2,4,2,1,r,2,Float16_b,1,1,1,2,4,2,1,r,2,0,127,48.94854736328125,569022,7.501042659411532,N/A,7.488921373200443,7.486248334862273,N/A,7.486248334862273
121,sigmoid,HiFi4,Float16_b,1,1,1,2,2,2,1,r,2,Float16_b,1,1,1,2,2,2,1,r,2,0,127,48.29418182373047,288366,7.414705345739828,N/A,7.3907189345904865,7.386168965828149,N/A,7.386168965828149
122,sigmoid,HiFi4,Float16_b,1,1,1,2,7,1,1,r,2,Float16_b,1,1,1,2,7,1,1,r,2,0,127,42.9874153137207,566938,6.5922281639928695,N/A,6.578812546251494,6.574546070293401,N/A,6.574546070293401
123,sigmoid,HiFi4,Float16_b,1,1,1,2,2,1,4,r,2,Float16_b,1,1,1,2,2,1,4,r,2,0,127,48.71516799926758,571748,7.46566619504604,N/A,7.453737749960761,7.45055513967692,N/A,7.45055513967692
124,sigmoid,HiFi4,Float16_b,1,1,1,2,2,1,8,r,2,Float16_b,1,1,1,2,2,1,8,r,2,0,127,49.65817642211914,1121781,7.604236290214486,N/A,7.598057412921997,7.594780086309181,N/A,7.594780086309181
125,sigmoid,HiFi4,Float16_b,1,1,1,2,2,1,2,r,2,Float16_b,1,1,1,2,2,1,2,r,2,0,127,45.560543060302734,305668,6.990162806544016,N/A,6.96884058209974,6.968083018176584,N/A,6.968083018176584
126,sigmoid,HiFi4,Float16_b,1,1,1,2,4,1,4,r,2,Float16_b,1,1,1,2,4,1,4,r,2,0,127,49.22572326660156,1131636,7.536540961361176,N/A,7.530605736114501,7.528639951362452,N/A,7.528639951362452
127,sigmoid,HiFi4,Float16_b,1,1,1,2,4,1,8,r,2,Float16_b,1,1,1,2,4,1,8,r,2,0,127,49.67205810546875,2242935,7.601675348412668,N/A,7.598501355539735,7.596903164826444,N/A,7.596903164826444
128,sigmoid,HiFi4,Float16_b,1,1,1,2,4,1,2,r,2,Float16_b,1,1,1,2,4,1,2,r,2,0,127,48.92447280883789,569302,7.497343638301986,N/A,7.485088477395407,7.482566370748741,N/A,7.482566370748741
129,sigmoid,HiFi4,Float16_b,1,1,1,2,7,1,4,r,2,Float16_b,1,1,1,2,7,1,4,r,2,0,127,49.497711181640625,1969481,7.574972873300005,N/A,7.57130522325763,7.570238047485606,N/A,7.570238047485606
130,sigmoid,HiFi4,Float16_b,1,1,1,2,7,1,8,r,2,Float16_b,1,1,1,2,7,1,8,r,2,0,127,49.67530059814453,3924880,7.600156596633172,N/A,7.5983647522858595,7.5973991561525445,N/A,7.5973991561525445
131,sigmoid,HiFi4,Float16_b,1,1,1,2,7,1,2,r,2,Float16_b,1,1,1,2,7,1,2,r,2,0,127,49.04061508178711,993919,7.508903300210755,N/A,7.50182056436481,7.500329503712073,N/A,7.500329503712073
132,sigmoid,HiFi4,Float16_b,1,1,1,2,7,2,1,r,2,Float16_b,1,1,1,2,7,2,1,r,2,0,127,49.05660629272461,993595,7.511244301685452,N/A,7.504286581022976,7.502775275640477,N/A,7.502775275640477
133,sigmoid,HiFi4,Float16_b,1,1,1,2,7,8,1,r,2,Float16_b,1,1,1,2,7,8,1,r,2,0,127,49.675113677978516,3924895,7.600078503017332,N/A,7.598343286506805,7.5973701207293445,N/A,7.5973701207293445
134,sigmoid,HiFi4,Float16_b,1,1,1,2,7,2,2,r,2,Float16_b,1,1,1,2,7,2,2,r,2,0,127,49.49698257446289,1969510,7.574879781166135,N/A,7.57115022117768,7.570126579707643,N/A,7.570126579707643
135,sigmoid,HiFi4,Float16_b,1,1,1,2,2,2,4,r,2,Float16_b,1,1,1,2,2,2,4,r,2,0,127,49.472599029541016,1125989,7.575586756847102,N/A,7.569691575043028,7.56639718505243,N/A,7.56639718505243
136,sigmoid,HiFi4,Float16_b,1,1,1,2,4,2,4,r,2,Float16_b,1,1,1,2,4,2,4,r,2,0,127,49.66946792602539,2243052,7.601278881504731,N/A,7.598135952838834,7.596506902202892,N/A,7.596506902202892
137,sigmoid,HiFi4,Float16_b,1,1,1,2,2,2,2,r,2,Float16_b,1,1,1,2,2,2,2,r,2,0,127,48.648460388183594,572532,7.455328636592946,N/A,7.443249659233795,7.440352678976896,N/A,7.440352678976896
138,sigmoid,HiFi4,Float16_b,1,1,1,2,4,2,2,r,2,Float16_b,1,1,1,2,4,2,2,r,2,0,127,49.451690673828125,1126465,7.571488327641139,N/A,7.565186495801305,7.563199921879508,N/A,7.563199921879508
139,sigmoid,HiFi4,Float16_b,1,1,1,4,2,2,4,r,2,Float16_b,1,1,1,4,2,2,4,r,2,0,127,49.670265197753906,2243016,7.601419007324344,N/A,7.598306697390249,7.596628824760947,N/A,7.596628824760947
140,sigmoid,HiFi4,Float16_b,1,1,1,4,2,8,1,r,2,Float16_b,1,1,1,4,2,8,1,r,2,0,127,49.666343688964844,2243193,7.600783356022364,N/A,7.597593036162879,7.5960294098635295,N/A,7.5960294098635295
141,sigmoid,HiFi4,Float16_b,1,1,1,4,2,2,1,r,2,Float16_b,1,1,1,4,2,2,1,r,2,0,127,48.20158004760742,577840,7.385591791301674,N/A,7.37359604467535,7.372006091651668,N/A,7.372006091651668
142,sigmoid,HiFi4,Float16_b,1,1,1,4,2,2,2,r,2,Float16_b,1,1,1,4,2,2,2,r,2,0,127,49.488243103027344,1125633,7.577128207886268,N/A,7.570830549430472,7.568790182945952,N/A,7.568790182945952
143,sigmoid,HiFi4,Float16_b,1,1,1,4,4,2,1,r,2,Float16_b,1,1,1,4,4,2,1,r,2,0,127,49.16593933105469,1133012,7.527051767002187,N/A,7.520930720870932,7.519496704359707,N/A,7.519496704359707
144,sigmoid,HiFi4,Float16_b,1,1,1,4,4,2,4,r,2,Float16_b,1,1,1,4,4,2,4,r,2,0,127,49.67731857299805,4485395,7.600067521231314,N/A,7.598508185831361,7.597707671230739,N/A,7.597707671230739
145,sigmoid,HiFi4,Float16_b,1,1,1,4,4,2,2,r,2,Float16_b,1,1,1,4,4,2,2,r,2,0,127,49.498443603515625,2250802,7.574534584477308,N/A,7.571332349274137,7.570350479517967,N/A,7.570350479517967
146,sigmoid,HiFi4,Float16_b,1,1,1,4,4,8,1,r,2,Float16_b,1,1,1,4,4,8,1,r,2,0,127,49.6805419921875,4485104,7.600617625710637,N/A,7.599040986413974,7.598200621434866,N/A,7.598200621434866
147,sigmoid,HiFi4,Float16_b,1,1,1,4,2,1,1,r,2,Float16_b,1,1,1,4,2,1,1,r,2,0,127,40.27904510498047,345748,6.185457174384537,N/A,6.162226155519463,6.160324860881335,N/A,6.160324860881335
148,sigmoid,HiFi4,Float16_b,1,1,1,4,2,1,4,r,2,Float16_b,1,1,1,4,2,1,4,r,2,0,127,49.49496841430664,1125480,7.5781607196326535,N/A,7.571969866621282,7.569819099406476,N/A,7.569819099406476
149,sigmoid,HiFi4,Float16_b,1,1,1,4,2,1,2,r,2,Float16_b,1,1,1,4,2,1,2,r,2,0,127,48.921634674072266,569335,7.496931383608977,N/A,7.4848366251507485,7.482132663546067,N/A,7.482132663546067
150,sigmoid,HiFi4,Float16_b,1,1,1,7,2,1,4,r,2,Float16_b,1,1,1,7,2,1,4,r,2,0,127,49.49698257446289,1969510,7.574926326947055,N/A,7.571312973528227,7.570126579707643,N/A,7.570126579707643
151,sigmoid,HiFi4,Float16_b,1,1,1,7,2,1,8,r,2,Float16_b,1,1,1,7,2,1,8,r,2,0,127,49.67236328125,3925112,7.599672442084,N/A,7.5978476558858565,7.596950099767854,N/A,7.596950099767854
152,sigmoid,HiFi4,Float16_b,1,1,1,7,2,1,2,r,2,Float16_b,1,1,1,7,2,1,2,r,2,0,127,49.16913986206055,991321,7.528676022275129,N/A,7.521555953958374,7.519985958130616,N/A,7.519985958130616
153,sigmoid,HiFi4,Float16_b,1,1,1,4,4,1,4,r,2,Float16_b,1,1,1,4,4,1,4,r,2,0,127,49.49774169921875,2250834,7.574429383315076,N/A,7.571230627714448,7.570242852205005,N/A,7.570242852205005
154,sigmoid,HiFi4,Float16_b,1,1,1,4,4,1,8,r,2,Float16_b,1,1,1,4,4,1,8,r,2,0,127,49.67710876464844,4485414,7.600091437161564,N/A,7.5985064782573035,7.597675487703031,N/A,7.597675487703031
155,sigmoid,HiFi4,Float16_b,1,1,1,4,4,1,2,r,2,Float16_b,1,1,1,4,4,1,2,r,2,0,127,49.17201614379883,1132872,7.528030450108025,N/A,7.521827494278402,7.520425961626732,N/A,7.520425961626732
156,sigmoid,HiFi4,Float16_b,1,1,1,4,4,1,1,r,2,Float16_b,1,1,1,4,4,1,1,r,2,0,127,42.627098083496094,653406,6.534085287424557,N/A,6.522650320533595,6.519438144124786,N/A,6.519438144124786
157,sigmoid,HiFi4,Float16_b,1,1,1,4,7,1,4,r,2,Float16_b,1,1,1,4,7,1,4,r,2,0,127,49.50109100341797,3938693,7.573157989311646,N/A,7.571268409688978,7.570755070273312,N/A,7.570755070273312
158,sigmoid,HiFi4,Float16_b,1,1,1,4,7,1,2,r,2,Float16_b,1,1,1,4,7,1,2,r,2,0,127,49.1747932434082,1982414,7.525217661137917,N/A,7.52164774004204,7.52085084144886,N/A,7.52085084144886
159,sigmoid,HiFi4,Float16_b,1,1,1,7,7,1,2,r,2,Float16_b,1,1,1,7,7,1,2,r,2,0,127,49.18189239501953,3468724,7.5243903360614235,N/A,7.522431291004412,7.521936020277197,N/A,7.521936020277197
160,sigmoid,HiFi4,Float16_b,1,1,1,4,7,2,2,r,2,Float16_b,1,1,1,4,7,2,2,r,2,0,127,49.50140380859375,3938668,7.5731812515518335,N/A,7.571386601890267,7.570803124304968,N/A,7.570803124304968
